edge,bet_cen_edge
'(6263, 7063)',0.002466091245376079
'(6813, 1109)',0.002466091245376079
'(6922, 6073)',0.0025613449909015515
'(6638, 6639)',0.023183747489367256
'(7132, 5371)',0.002466091245376079
'(6753, 3936)',0.007380006393569896
'(6883, 3407)',0.0034392091495813906
'(6144, 6395)',0.004926093376566044
'(6634, 6662)',0.004278541564014459
'(6646, 6768)',0.01334514254137948
'(6726, 3952)',0.002466091245376079
'(6937, 6938)',0.018049343179499428
'(6757, 6927)',0.000653590293951988
'(17, 7093)',0.0023960774083718064
'(7063, 7102)',0.002466091245376079
'(6746, 7035)',0.002466091245376079
'(6853, 4838)',0.002466091245376079
'(6761, 6762)',0.004270962681703879
'(4844, 7026)',0.002258514298273057
'(6898, 6899)',0.002466091245376079
'(6911, 3292)',0.0019607913941948447
'(7007, 5567)',0.002466091245376079
'(6852, 4674)',0.002466091245376079
'(6865, 7055)',0.0035160068157032193
'(6673, 6674)',0.0011191948944593592
'(6728, 6729)',0.012776658254537278
'(6862, 7182)',0.019856225909618663
'(6789, 6884)',0.0024600021311899653
'(6816, 7124)',0.0018328088721293262
'(6765, 6766)',0.004497389889264666
'(6767, 6768)',0.004926093376566044
'(6736, 7036)',0.005673086326381527
'(6772, 6907)',0.004926093376566044
'(6653, 6769)',0.003291695390613055
'(6678, 7138)',0.002466091245376079
'(2422, 6703)',0.002466091245376079
'(6741, 7103)',0.002466091245376079
'(6844, 7009)',0.0024615244097364935
'(803, 6982)',0.003278987989222247
'(6701, 6740)',0.002466091245376079
'(3549, 7143)',0.002466091245376079
'(7110, 7111)',8.474017242341671e-05
'(6124, 6125)',0.0019671814685837574
'(6876, 7113)',0.002466091245376079
'(6909, 6928)',0.002466091245376079
'(6637, 6639)',0.003533107021256085
'(7125, 6080)',0.0021474784801414487
'(6718, 6838)',0.00641682254146479
'(6929, 7107)',0.0007225603855279157
'(7113, 7114)',0.02365361710648476
'(6815, 7061)',0.002466091245376079
'(2225, 6791)',0.002466091245376079
'(5723, 5930)',0.0030432928148876924
'(6785, 6884)',0.004920004262379931
'(6969, 6970)',0.015858610636758225
'(6635, 6962)',0.00616697915965508
'(6908, 6886)',0.003090970217257731
'(6971, 6972)',0.012177330833902015
'(6798, 6799)',0.0055786579447354954
'(6651, 6842)',0.015172157645314582
'(290, 294)',0.0024660912453760794
'(6771, 6694)',0.008123813080083378
'(7061, 1915)',0.0014140579931220065
'(6702, 6937)',0.003089665793689174
'(6974, 3292)',0.010108139657688878
'(203, 6689)',0.006140871656695743
'(6885, 6978)',0.008892705126154763
'(5943, 6674)',0.0011676473892494824
'(6705, 6706)',0.007892334956042857
'(7059, 7060)',0.026933355942469324
'(6763, 6921)',0.023635183896747295
'(6732, 6998)',0.009827830296387634
'(6776, 6777)',0.027819299224945433
'(6686, 6993)',0.002466091245376079
'(6750, 6762)',0.03094805547710503
'(6711, 7035)',0.0012545606679022258
'(6877, 7130)',0.004014720254752568
'(6742, 6741)',0.000836194854553529
'(6660, 7069)',0.08444055775144893
'(6774, 6796)',0.004926093376566044
'(6728, 6731)',0.03184212241895144
'(6750, 7071)',0.01966801295774006
'(6640, 7115)',0.004658640378871825
'(7130, 7131)',0.008307261408783304
'(5623, 5624)',0.002466091245376079
'(7200, 5498)',0.007380006393569896
'(6754, 6982)',0.01986160780416653
'(6677, 5211)',0.002466091245376079
'(6893, 6894)',0.0018007108929985823
'(6887, 6886)',0.010648777158761334
'(6905, 5363)',0.0012340604750523919
'(6080, 6093)',0.0030707219676030604
'(6966, 2564)',0.001481917030157862
'(6659, 6660)',0.011438872726171792
'(6756, 7146)',0.004926093376566044
'(6912, 7093)',0.0023260525952314977
'(6739, 2771)',0.0024660912453760785
'(6723, 7053)',0.056959497628474166
'(7150, 7204)',0.00980414590109384
'(3016, 7151)',0.002466091245376079
'(6760, 6761)',0.0019895745666399186
'(6864, 7158)',0.0008563103027228699
'(6655, 7062)',0.08145236426148303
'(6935, 6944)',0.0007910085626447339
'(6845, 7021)',0.002466091245376079
'(6429, 6931)',0.004524864671782457
'(6880, 7113)',0.0024600021311899653
'(6828, 7202)',0.004330646941715846
'(6786, 7078)',0.007950900158099641
'(6660, 7131)',0.00048222346290518315
'(6979, 7062)',0.002466091245376079
'(6866, 1740)',0.0012340604750523919
'(6786, 6836)',0.0020958731028603594
'(7149, 7203)',0.00293960357731381
'(6631, 6632)',0.010002727829399387
'(6686, 6765)',0.0021013234570289195
'(6788, 3936)',0.002466091245376079
'(6840, 6802)',0.0076358852465168575
'(6989, 7061)',0.006496999580715055
'(6724, 6725)',0.0021484130207189245
'(6793, 6794)',0.009510837711391228
'(6878, 4042)',0.002466091245376079
'(6705, 663)',0.006140871656695743
'(340, 6884)',0.009839780695154671
'(6743, 6744)',0.002209770674299137
'(1437, 6820)',0.0011961414272233105
'(6716, 7116)',0.04997763041655368
'(6673, 6973)',0.000941255684277159
'(6691, 6698)',0.002466091245376079
'(6718, 6968)',0.0024189006104336974
'(6563, 6760)',0.002463046688283022
'(6504, 6760)',0.004988759192074721
'(5699, 5776)',0.0009919448300604661
'(6776, 6893)',0.0015834448406866356
'(6847, 6849)',0.004926093376566044
'(6982, 7064)',0.007063940978266949
'(6644, 6810)',0.010456726026632349
'(6669, 6711)',0.001211530577473853
'(6821, 6827)',0.0008826078753466071
'(6860, 7162)',0.028150244496879435
'(6628, 6766)',0.03181707135346313
'(6713, 6819)',0.038337576155975925
'(6786, 6919)',0.002466091245376079
'(7088, 7146)',0.007380006393569896
'(6708, 6709)',0.009247295127928684
'(452, 6817)',0.005629951204002476
'(427, 6914)',0.002466091245376079
'(6726, 6858)',0.0022650503047667307
'(6791, 6887)',0.10011985296212242
'(6659, 7157)',0.002466091245376079
'(6700, 7194)',0.11888734491871171
'(7016, 3440)',0.0024660912453760794
'(7203, 7204)',0.019655236870560554
'(6723, 6735)',0.057887552140093605
'(6976, 7009)',0.00931306103929541
'(6839, 6980)',0.001301838115100202
'(6772, 6841)',0.002466091245376079
'(6954, 7175)',0.0020992555395334175
'(4493, 7194)',0.002831846434575828
'(7171, 5776)',0.0021097539667763038
'(6770, 6771)',0.005792500274983963
'(6766, 6999)',0.004240493536401663
'(6637, 7168)',0.002441596220812481
'(6660, 4032)',0.002466091245376079
'(6670, 7051)',0.005283156323872813
'(6624, 5078)',3.0445570930568877e-06
'(6654, 5313)',0.002466091245376079
'(6702, 7178)',0.002466091245376079
'(6632, 6672)',0.017627725159835798
'(6742, 6769)',0.0009599705982772161
'(6646, 6951)',0.019951732922002793
'(4174, 7087)',0.004243658115805876
'(7086, 7087)',0.004926093376566044
'(6794, 1238)',0.0015927807280235354
'(6175, 6080)',0.0033253990338834934
'(6144, 6922)',0.006139000256392124
'(6634, 6792)',0.0038030581866218363
'(5622, 5623)',0.007380006393569896
'(7035, 7039)',0.002466091245376079
'(625, 6779)',0.017146741273776227
'(6691, 6883)',0.013437782208334616
'(6933, 5074)',0.012269565085019257
'(6808, 6812)',0.0035311600003898823
'(6984, 6986)',0.0035813079716354094
'(6721, 3292)',0.010567771152474283
'(6626, 6714)',0.026609490606823473
'(6627, 6628)',0.01833468696729576
'(6781, 6800)',0.004926093376566044
'(6639, 7116)',0.08065870003406837
'(7184, 7185)',0.00886672384650054
'(6948, 3407)',0.002361328809117591
'(6980, 676)',0.0006592553448287128
'(6987, 7203)',0.004926093376566044
'(6681, 7162)',0.022799739861541258
'(7074, 7181)',0.002466091245376079
'(6981, 7066)',0.002466091245376079
'(6559, 6562)',3.0445570930568877e-06
'(294, 6764)',0.0024660912453760794
'(6935, 6936)',0.002438081320119956
'(6678, 6775)',0.004926093376566044
'(2498, 6770)',0.004298085947483484
'(6562, 6901)',0.0024630466882830217
'(6654, 7133)',0.019275977079754196
'(6778, 5224)',0.002466091245376079
'(6644, 6652)',0.004548418362233128
'(6966, 1383)',0.0023927035334912936
'(6669, 6670)',0.004780306575112159
'(4181, 6977)',0.002466091245376079
'(6673, 7149)',0.003986379404240608
'(6884, 6895)',0.005768572096833413
'(6864, 7054)',0.0014100865608628254
'(6666, 7148)',0.004926093376566044
'(6962, 7049)',0.00243686005615306
'(7023, 7106)',0.012269565085019257
'(7140, 997)',0.0008250749722184193
'(2144, 6989)',0.004217981211821364
'(6738, 6739)',0.012187658729102241
'(56, 6858)',0.002466091245376079
'(6367, 6666)',0.0024615244097364935
'(6878, 7137)',0.0070459682839455135
'(6653, 6706)',0.01885549546667992
'(6681, 6865)',0.010085639210125728
'(6837, 6843)',0.011828450605422461
'(7113, 7125)',0.004564856812028622
'(6791, 6790)',0.009000928589913363
'(6644, 6910)',0.004926093376566044
'(4188, 7201)',0.002466091245376079
'(6685, 7171)',0.08946330567754882
'(6946, 1199)',0.00443186634580771
'(7100, 7111)',0.009868645580843464
'(6672, 6668)',0.039106947404992
'(4620, 7006)',0.002466091245376079
'(7199, 6693)',0.0036763026898661917
'(6404, 6856)',4.566835639585331e-06
'(7117, 7152)',0.011675590312618007
'(6634, 6738)',0.010463413656188683
'(2187, 7073)',0.005119518456908508
'(5719, 5772)',3.0445570930568877e-06
'(6658, 6739)',0.05071583846565385
'(6830, 7078)',0.0014640461904860164
'(1883, 6793)',0.002466091245376079
'(6937, 2884)',0.002466091245376079
'(6901, 6902)',0.0024660912453760785
'(7175, 5371)',0.004926093376566044
'(6700, 6791)',0.14315755387284007
'(4453, 7079)',0.014072438144566195
'(4520, 7106)',0.002466091245376079
'(470, 6628)',0.006140871656695743
'(6722, 7075)',0.01736874951838991
'(6735, 7081)',0.04893337683207992
'(7087, 5772)',0.002463046688283022
'(6627, 6689)',0.014705210759464767
'(6982, 6824)',0.0034584705608133462
'(1731, 6669)',0.002824728640405781
'(6785, 6789)',6.0891141861137754e-06
'(6821, 6861)',0.002988919459668872
'(6654, 5370)',0.002466091245376079
'(7185, 3993)',0.002466091245376079
'(6915, 7078)',0.003971711630503194
'(6927, 6928)',0.0018977485500296836
'(7129, 7171)',0.13741618369020087
'(6766, 7081)',0.038640368060472004
'(6690, 6778)',0.040267984957736126
'(7162, 7161)',0.002466091245376079
'(6647, 1642)',0.0014485108612157973
'(7052, 7053)',0.004495766539465773
'(6884, 7016)',0.005628294640947604
'(6989, 7206)',0.002466091245376079
'(7003, 647)',0.004052877042413357
'(6683, 6692)',0.051487549899442334
'(6768, 6959)',0.009827830296387634
'(7031, 7115)',0.002466091245376079
'(7151, 7152)',0.004926093376566044
'(6774, 537)',0.002466091245376079
'(6793, 7043)',0.0004007362029008829
'(6660, 5363)',0.0049149300005581695
'(6640, 6820)',0.002915347025640955
'(5597, 5598)',0.002466091245376079
'(6715, 7116)',0.04997763041655368
'(6686, 7074)',0.002460581194009632
'(3715, 7115)',0.002466091245376079
'(6660, 7056)',0.0024422422148138
'(7106, 7107)',0.033447500369243176
'(4098, 7034)',0.002466091245376079
'(7153, 3878)',0.0012340604750523919
'(6691, 6797)',0.013330085805767406
'(6853, 7070)',0.00923640513363734
'(6638, 7167)',0.002484497155753564
'(7011, 676)',0.00022928247205545482
'(625, 6872)',0.0012340604750523917
'(2102, 6739)',0.0024660912453760785
'(7143, 3485)',0.002466091245376079
'(7082, 1347)',0.0007978142905301875
'(7111, 7128)',0.001635113819317135
'(6887, 7064)',0.004111346413251093
'(6634, 6636)',0.002466091245376079
'(7080, 7081)',0.00875520298390476
'(248, 6926)',0.002466091245376079
'(6638, 6657)',0.010225293874750489
'(6198, 6087)',0.002490447702120534
'(6857, 6961)',0.002466091245376079
'(6843, 6975)',0.002453639973391538
'(6896, 6802)',0.024140521020453245
'(7118, 7197)',0.004776293665928028
'(6663, 6877)',0.002466091245376079
'(6394, 6395)',0.002466091245376079
'(7053, 7085)',0.06662837362782113
'(108, 6802)',0.031173474670751756
'(6827, 6828)',0.0019752308805603812
'(6921, 7129)',0.0758309657354471
'(7101, 2977)',0.002466091245376079
'(6984, 6801)',0.012524231208826087
'(6685, 5776)',0.0004514570742821188
'(7009, 7021)',0.025295527184182792
'(6689, 5506)',0.006140871656695743
'(6809, 6813)',0.0072288890950601365
'(7199, 6941)',0.0012284787870484543
'(1383, 7073)',0.003776355004369326
'(7123, 7186)',0.0002866957929295236
'(7078, 7079)',0.005057586083909291
'(929, 7087)',0.0034078426077330027
'(6970, 7109)',0.05181901522900562
'(6882, 6819)',0.004876365610712781
'(6727, 6859)',0.013325498767317695
'(4453, 6654)',0.016202946497017118
'(6721, 6911)',0.003083261349217233
'(6633, 6738)',0.0009756464531732189
'(6924, 7009)',0.03815782173206679
'(6797, 7045)',0.002466091245376079
'(7004, 7091)',0.0025919290834759837
'(6738, 1545)',0.002466091245376079
'(6659, 7159)',0.002466091245376079
'(6662, 6961)',0.002001212858407909
'(6559, 6901)',0.0024630466882830217
'(7119, 7120)',0.01620935741121461
'(6685, 6932)',0.08911482337614056
'(6806, 6807)',0.006732733555585923
'(7111, 7117)',0.00720639968356538
'(449, 6649)',1.8267342558341325e-05
'(6806, 6790)',0.006732733555585923
'(6829, 3898)',0.001227971360866278
'(173, 177)',0.003478848385684928
'(6974, 7155)',0.002466091245376079
'(7114, 7165)',0.002466091245376079
'(6693, 4994)',0.002466091245376079
'(6861, 6869)',0.0024158560533406414
'(6718, 7021)',0.02037971764490884
'(7126, 7203)',0.002466091245376079
'(6900, 6901)',0.0024660912453760785
'(6797, 3898)',0.0012218822466801644
'(6776, 6861)',0.024120626640755285
'(6707, 6903)',0.0024660912453760785
'(6682, 5074)',0.009827830296387634
'(6653, 1466)',0.002466091245376079
'(6791, 6807)',0.009000928589913474
'(7100, 5375)',0.002466091245376079
'(4597, 4599)',0.002466091245376079
'(6852, 6851)',0.002463046688283022
'(6982, 7174)',0.0071973329679864825
'(4538, 6967)',0.0012340604750523919
'(6709, 7051)',0.005041323899549622
'(6898, 647)',0.004240124175871205
'(6739, 7177)',0.0024660912453760785
'(6862, 6863)',0.004926093376566044
'(6652, 6810)',0.018790288492430144
'(6679, 7192)',0.007380006393569896
'(6997, 1267)',0.01747580123010521
'(6782, 7204)',0.0010727085151774382
'(6950, 6951)',0.017835083439436974
'(6661, 6800)',0.002466091245376079
'(6705, 6958)',0.002466091245376079
'(6716, 7171)',0.05019691101670839
'(17, 6867)',0.002466091245376079
'(6935, 6943)',0.04844510191117035
'(4878, 7004)',0.005389416974565626
'(6720, 3225)',0.002466091245376079
'(6463, 6464)',3.0445570930568877e-06
'(6945, 7058)',0.002691780284972211
'(7101, 3020)',0.002466091245376079
'(6861, 887)',0.004734353936527754
'(6891, 7048)',0.002466091245376079
'(203, 206)',0.002466091245376079
'(6666, 6667)',0.021959785030513462
'(6678, 7139)',0.002466091245376079
'(6846, 6924)',0.0024600021311899653
'(7108, 4904)',0.002466091245376079
'(6935, 3069)',0.006387872595943291
'(6800, 6941)',0.001237612458327625
'(6713, 6087)',0.0032164392551660244
'(6693, 7145)',0.002466091245376079
'(6404, 6666)',0.0024600021311899653
'(6987, 2922)',0.002466091245376079
'(7091, 2973)',0.002466091245376079
'(6677, 6679)',0.004926093376566044
'(7114, 7123)',0.015152403962791364
'(7002, 1642)',0.002099112194444889
'(203, 6988)',0.0012391347368741533
'(6775, 6823)',0.002466091245376079
'(6817, 6818)',0.012449669821855466
'(6795, 676)',0.0032683666112903052
'(7087, 3924)',0.002466091245376079
'(6905, 3878)',0.0012340604750523919
'(6697, 3510)',0.007380006393569896
'(7059, 7180)',0.01629787230611794
'(6762, 7120)',0.0994911870212873
'(122, 6813)',0.002466091245376079
'(6635, 7062)',0.12886278042341562
'(6861, 6918)',0.002466091245376079
'(6597, 7105)',0.007380006393569896
'(6989, 1942)',0.0023949962242879085
'(5596, 5597)',0.007380006393569896
'(7041, 7042)',0.004765599245968101
'(6937, 7002)',0.003037513327393226
'(5506, 5513)',0.002466091245376079
'(7182, 6668)',0.019313888806108796
'(3510, 3515)',0.002466091245376079
'(6832, 6883)',0.0029301263410394587
'(6998, 7034)',0.004926093376566044
'(6747, 1267)',0.0024660912453760794
'(4378, 7176)',0.002707472045737562
'(6744, 6999)',0.00333977526070054
'(2457, 6638)',0.0025905925426407653
'(2843, 2845)',0.002466091245376079
'(6635, 6739)',0.05896242658920904
'(6763, 6694)',0.02234824236456662
'(6657, 6658)',0.009849857492813223
'(5606, 5609)',0.0009808187550874065
'(6986, 6801)',0.001874276299882548
'(6896, 5498)',0.013929940124849837
'(6945, 7003)',0.002845271298113062
'(6817, 177)',0.0056299512040024514
'(2498, 6913)',0.002466091245376079
'(7053, 5556)',0.002466091245376079
'(6848, 6849)',0.007380006393569896
'(7016, 3725)',0.0024660912453760794
'(6597, 6599)',0.004926093376566044
'(6938, 2551)',0.014775769907980487
'(6946, 7057)',0.002466091245376079
'(7106, 7108)',0.007380006393569896
'(4742, 4745)',0.002466091245376079
'(6858, 6859)',0.006768965097762223
'(2457, 6866)',0.0012340604750523919
'(2422, 6705)',0.013271531974066369
'(6811, 6870)',0.014558780428413406
'(6736, 7040)',0.002727039666668787
'(7006, 7007)',0.004926093376566044
'(6870, 1256)',0.0038672929996479543
'(6954, 6955)',0.0009176444102797161
'(6659, 7130)',0.00023148112146548515
'(7010, 7184)',0.006577724338703941
'(17, 7113)',0.007035982418190499
'(6825, 1199)',0.0015972290480728664
'(6795, 5282)',0.0032683666112903083
'(7109, 5752)',0.009827830296387634
'(6811, 6824)',0.00392153583275655
'(6833, 6787)',0.001352798201681611
'(6743, 4090)',0.002466091245376079
'(6680, 7158)',0.01015115451337638
'(6568, 7163)',0.002466091245376079
'(6691, 6692)',0.03501049891737133
'(6930, 6932)',0.0015712511239087304
'(7101, 7120)',0.11443086263946144
'(6933, 7092)',0.002466091245376079
'(2498, 6908)',0.003469357506753424
'(6932, 5699)',0.0018152609084501048
'(6739, 1690)',0.0024660912453760785
'(6776, 6892)',0.0022895069339787795
'(6794, 6962)',0.005476923992508061
'(6723, 6729)',0.013017613201616356
'(449, 457)',0.001727010234340009
'(6839, 6840)',0.003621790620009523
'(6871, 6801)',0.002466091245376079
'(7011, 7012)',0.0022115116264999775
'(6680, 6681)',0.011419813984740748
'(7014, 7061)',0.005641075047762505
'(6710, 7035)',0.004701147719150417
'(7063, 7064)',0.008796371964239807
'(6674, 5930)',0.0006431669731945068
'(7010, 7093)',0.002452920116911584
'(6894, 7133)',0.00751269310338306
'(6833, 6949)',0.016412077638057576
'(7143, 3566)',0.002466091245376079
'(6805, 2351)',0.002466091245376079
'(6726, 7158)',0.014485767729768987
'(6638, 6641)',0.002466091245376079
'(6885, 7202)',0.0058680467884731245
'(6932, 6972)',0.008984759707233047
'(6723, 6803)',0.013017613201616356
'(7023, 4612)',0.002466091245376079
'(6924, 4745)',0.004920004262379931
'(6838, 6968)',4.719063494238176e-05
'(6639, 6658)',0.05734680968160507
'(2116, 6801)',0.008464970321749647
'(6970, 7006)',0.016827267053325417
'(6908, 7063)',0.0015870150638720136
'(2187, 6719)',0.004563697216518593
'(6984, 1942)',0.0026090378138603925
'(6667, 6930)',0.000894840121467349
'(6707, 6906)',0.01758134197608869
'(3750, 3753)',0.002466091245376079
'(3750, 7112)',0.002466091245376079
'(6727, 6865)',0.008251649367261037
'(4449, 7023)',0.002466091245376079
'(7027, 7028)',0.004926093376566044
'(6626, 6672)',0.02525460008296269
'(6794, 6997)',0.019645178639926514
'(6811, 6982)',0.10236727820233779
'(6771, 6935)',0.008328527287996358
'(6934, 1633)',0.002466091245376079
'(6669, 7035)',0.005475865669660684
'(6934, 7203)',0.007380006393569896
'(6879, 6886)',0.002466091245376079
'(6786, 1308)',0.0036183131306321667
'(7114, 4016)',0.002466091245376079
'(6870, 7195)',0.002466091245376079
'(6688, 6717)',0.009417494073383013
'(6808, 7075)',0.009636635264377778
'(6848, 3778)',0.002466091245376079
'(6981, 1199)',0.006789494345355908
'(6634, 7127)',0.0042700605174916745
'(6652, 1991)',0.002466091245376079
'(1437, 6640)',0.0037299519493427333
'(7017, 5498)',0.0043700308526512174
'(6817, 1308)',0.0016404431945944507
'(6973, 6974)',0.002128933679925076
'(7059, 6097)',0.004745077543177735
'(6877, 6878)',0.002235568076915643
'(6806, 7059)',0.0018470313031211788
'(6929, 6970)',0.001743530859848163
'(2843, 7185)',0.004926093376566044
'(6777, 6894)',0.00914975044196009
'(6599, 7179)',0.002466091245376079
'(6634, 6635)',0.022122539111055158
'(4754, 6904)',0.002466091245376079
'(6637, 6658)',0.0013624022165602487
'(6638, 6640)',0.004643326814272546
'(4149, 6976)',0.002466091245376079
'(6922, 6950)',0.013042950574965453
'(2506, 6707)',0.0024660912453760785
'(6853, 6854)',0.0032073279256781243
'(7035, 7038)',0.002466091245376079
'(6938, 7142)',0.002466091245376079
'(6870, 7067)',0.006789881858384401
'(6777, 6826)',0.07996255531326463
'(6797, 7192)',0.004901736919821589
'(6904, 6942)',0.004926093376566044
'(6828, 7079)',0.022654333063214776
'(6906, 6741)',0.013097615850022866
'(6710, 6736)',0.0056730863263815216
'(7004, 7029)',0.002466091245376079
'(6655, 6811)',0.0809511198921288
'(2071, 6657)',0.002466091245376079
'(6707, 6708)',0.004994594516822698
'(6951, 7123)',0.018943933045912947
'(6816, 7087)',0.1501191448895813
'(7149, 7150)',0.0035768027712570786
'(6975, 4006)',0.002466091245376079
'(7122, 6073)',0.002466091245376079
'(6687, 6842)',0.012269565085019257
'(6657, 1740)',0.001101440358872883
'(6634, 1705)',0.002466091245376079
'(2457, 6657)',0.0011014403588728821
'(6464, 6753)',0.002463046688283022
'(6936, 3069)',2.8009925256123366e-05
'(7199, 6800)',1.2178228372227551e-05
'(6383, 6558)',0.003774077638601112
'(6568, 6931)',0.008846028290701056
'(6872, 1125)',0.0012340604750523917
'(2327, 6935)',0.015228763758700076
'(7016, 7017)',0.00206530113320715
'(6718, 6995)',0.002466091245376079
'(7058, 3069)',0.004170623150306396
'(6848, 7070)',0.012269565085019257
'(6706, 6709)',0.009491047302669642
'(6943, 6944)',0.0016750826827313448
'(1347, 6801)',0.00506684299075951
'(6738, 6793)',0.018286681926413115
'(6744, 6809)',0.004492076870713814
'(6791, 2533)',0.002466091245376079
'(6934, 1772)',0.002466091245376079
'(6660, 5247)',0.002466091245376079
'(6682, 5073)',0.007380006393569896
'(6757, 6758)',0.011521485959375655
'(6759, 7099)',0.002466091245376079
'(6734, 6735)',0.008671273129874764
'(6982, 997)',0.0032789879892222607
'(6972, 7053)',0.005546811143602544
'(6931, 6932)',0.024559200510109576
'(7069, 7131)',0.010239371720672226
'(6720, 6721)',0.004926093376566044
'(173, 6649)',0.0017270102343400087
'(7156, 7193)',0.010803996218948694
'(6843, 6844)',7.154709168683686e-05
'(7053, 5571)',0.002466091245376079
'(7087, 7124)',0.000633282373246752
'(6629, 7079)',0.0008592295322414141
'(6808, 6809)',0.002451851575999443
'(6728, 7069)',0.09690502561096172
'(4844, 7005)',9.362013061149929e-05
'(6806, 2351)',0.0027963242047362967
'(6558, 6757)',0.006170144070836872
'(6691, 6829)',0.0036544833640326175
'(6812, 6813)',0.0026475228766244473
'(7015, 7150)',0.002761144449040527
'(2144, 6801)',0.000621168287058591
'(6799, 6692)',0.007416149635631761
'(6664, 7014)',0.00348877259890891
'(4453, 6967)',0.0012340604750523919
'(4878, 7005)',0.00021692469288030325
'(7089, 7090)',0.032666004770387204
'(6758, 6951)',0.05371863764665596
'(6749, 6760)',0.008354658771922015
'(7059, 2351)',0.0021297691718297086
'(6928, 7085)',0.006726416099617912
'(6722, 6733)',0.0020330761473383746
'(6935, 7170)',0.002466091245376079
'(7068, 7069)',0.014705210759464767
'(6563, 6564)',3.0445570930568877e-06
'(7127, 1383)',0.0013614442166298586
'(6712, 6865)',0.0022409662425297815
'(6752, 6779)',0.0024660912453760794
'(6654, 5596)',0.009827830296387634
'(5073, 5078)',0.002463046688283022
'(6783, 6951)',0.017134767319724162
'(6684, 5354)',0.0012391347368741533
'(6832, 3688)',0.0012360093403722765
'(4220, 7010)',0.0024660912453760794
'(6631, 6795)',0.008998274077308967
'(6739, 6794)',0.026795446496239446
'(6922, 6142)',0.0027711499351450028
'(6697, 6692)',0.009827830296387634
'(7011, 5282)',0.00022928247205545495
'(6667, 7101)',0.12681496632252598
'(6826, 7087)',0.1057324945840028
'(6643, 7136)',0.002466091245376079
'(7134, 7194)',0.12891013193150613
'(6812, 7041)',0.002622890706492892
'(6921, 6943)',0.051319595109656904
'(7147, 3407)',0.0019052977854298525
'(6933, 6971)',0.009411967534219
'(6688, 6694)',0.009966529202497609
'(841, 7140)',0.0008250749722184197
'(6777, 6885)',0.016572669325942514
'(469, 6684)',0.0012391347368741533
'(6705, 2756)',0.006140871656695743
'(6639, 6779)',0.02354939179603629
'(7069, 7099)',0.004603353425494349
'(6144, 6383)',0.0023875407325866537
'(6736, 6793)',0.018846194352634835
'(6630, 6657)',0.002466091245376079
'(6733, 6971)',0.002961751730076154
'(2187, 7127)',0.0007205089339628321
'(7100, 5380)',0.002466091245376079
'(4646, 7148)',0.002466091245376079
'(7121, 7095)',0.002466091245376079
'(6932, 7097)',0.11433000533117314
'(6883, 7192)',0.005000177599163763
'(6556, 6882)',0.0024528981646395006
'(7117, 7118)',0.006612355852091781
'(7099, 5609)',0.0015035398328470135
'(6860, 7084)',0.005072232117032775
'(6977, 7144)',0.007380006393569896
'(6649, 6650)',0.0017642631226683825
'(6087, 6097)',0.0026795485260115138
'(6654, 7137)',0.035581198469158276
'(6835, 6842)',0.0019579945124669324
'(6460, 6819)',0.004884484429627602
'(6728, 7042)',0.022591262293359508
'(7167, 7168)',0.0001226923966796301
'(7004, 7030)',0.002466091245376079
'(5943, 6974)',0.0032357860267811893
'(7091, 7106)',0.007258220254767849
'(625, 7107)',0.01661701703775546
'(2274, 6915)',0.002466091245376079
'(6923, 3791)',0.002466091245376079
'(4493, 6700)',0.0020942469419902164
'(6719, 7008)',0.0024660912453760794
'(6643, 6877)',0.004926093376566044
'(4878, 6969)',0.007634016691421818
'(2756, 2766)',0.003690003196784948
'(6874, 7113)',0.004920004262379931
'(6633, 6634)',0.0014904447922028604
'(4538, 6654)',0.01620294649701712
'(6786, 6787)',0.015462331937296401
'(6898, 6985)',0.009456603276282831
'(4350, 4351)',0.002466091245376079
'(3509, 3510)',0.002466091245376079
'(2116, 7082)',0.0016713215119389477
'(2874, 7174)',0.004755598179354859
'(6938, 7067)',0.005733176820312034
'(7028, 5752)',0.007380006393569896
'(6814, 7156)',0.008447509028922662
'(6635, 7037)',0.046176644417513145
'(7135, 1942)',0.002466091245376079
'(7117, 7197)',0.0006306292592085167
'(2327, 6939)',0.002466091245376079
'(6388, 7152)',0.0045147920297481815
'(7113, 6125)',0.0033750005245496207
'(929, 7096)',0.002466091245376079
'(7068, 3716)',0.002466091245376079
'(6854, 5223)',0.002466091245376079
'(6568, 6933)',0.004262955013286125
'(7049, 7062)',0.003075797300768664
'(6717, 7169)',0.002466091245376079
'(6676, 6806)',0.002466091245376079
'(6960, 2874)',0.002466091245376079
'(6854, 5139)',0.002466091245376079
'(6834, 7143)',0.0020720159182762835
'(6911, 7015)',0.0043478552499655945
'(108, 6714)',0.03349038261856801
'(6854, 7071)',0.0097677395497971
'(6779, 1421)',0.0024660912453760794
'(7033, 3931)',0.002466091245376079
'(6564, 6760)',0.002463046688283022
'(6732, 7075)',0.006142768464091023
'(6704, 6708)',0.002466091245376079
'(6639, 7204)',0.12566491595335091
'(7143, 7144)',0.0021277925661875793
'(6982, 7141)',0.002466091245376079
'(6388, 6092)',0.0024338372566437933
'(7100, 7101)',0.03262354009437257
'(6826, 6873)',0.0016449879937587045
'(6460, 6198)',0.0002080447346922207
'(4174, 7099)',0.002331069985927715
'(6830, 6916)',0.0014133383245657583
'(6751, 6819)',0.0020103717911636814
'(7147, 3688)',0.0005638380170392844
'(7101, 7204)',0.12963945278302413
'(6639, 6782)',0.0013933827301986386
'(6749, 7070)',0.01498109577454939
'(6624, 5073)',0.002463046688283022
'(6916, 887)',0.00019173944003829371
'(6810, 6811)',0.02230583971627702
'(6660, 6665)',0.010135175978463386
'(6644, 6748)',0.022473362564907447
'(4378, 7089)',0.005594363815957442
'(6755, 7133)',0.010474947032465366
'(6660, 7137)',0.0544670111320379
'(6860, 6982)',0.034842180987418536
'(340, 6795)',0.012211490670645997
'(7193, 7194)',0.013194988389362693
'(6816, 7097)',0.11439607174696788
'(6566, 7164)',0.002466091245376079
'(6429, 6447)',0.0021584464264766934
'(6932, 7053)',0.12246282908870551
'(6727, 7188)',0.002466091245376079
'(6634, 7014)',0.00983615535427398
'(6652, 6653)',0.010157265734468634
'(6969, 7128)',0.002044436398114985
'(6635, 6889)',0.04617664441751314
'(6762, 6924)',0.07035008504819877
'(7150, 5723)',0.005472849375147094
'(6912, 7113)',0.004646005100140859
'(4841, 7021)',0.004926093376566044
'(6644, 6741)',0.02014592499724972
'(424, 6687)',0.009827830296387634
'(6700, 2698)',0.002466091245376079
'(6760, 7119)',0.0176627311119164
'(6988, 5506)',0.0012391347368741533
'(6818, 7133)',0.014828773721715658
'(6719, 2728)',0.0024660912453760794
'(6638, 1740)',0.0025905925426407688
'(6665, 7144)',0.007753824905510724
'(6625, 6766)',0.002466091245376079
'(7197, 6124)',0.0033305349876717395
'(4378, 6955)',0.002826837837032627
'(6780, 5710)',0.0024660912453760794
'(4337, 6956)',0.004576869364981081
'(6779, 1125)',0.017146741273776224
'(4538, 7079)',0.014072438144566195
'(5623, 5625)',0.002466091245376079
'(803, 7140)',0.0008250749722184197
'(6685, 6983)',0.002466091245376079
'(5354, 5355)',0.003690003196784948
'(6981, 6982)',0.022929031275659907
'(6852, 7047)',0.002463046688283022
'(6699, 6742)',0.0009599705982772192
'(6898, 1256)',0.00369499281501731
'(6726, 7180)',0.014008365372139186
'(5, 7094)',0.002466091245376079
'(6773, 6924)',0.006678135495325064
'(246, 248)',0.002466091245376079
'(4115, 6998)',0.002466091245376079
'(6757, 7024)',0.002466091245376079
'(6727, 6952)',0.002685127134036263
'(6728, 6730)',0.03184212241895144
'(6657, 6738)',0.01631757205091253
'(6707, 7183)',0.0024660912453760785
'(7022, 7073)',0.010472677257563737
'(4350, 6949)',0.007380006393569896
'(7014, 1915)',0.003520226091462016
'(6721, 7101)',0.007709159789218673
'(6917, 887)',0.002466091245376079
'(6646, 6645)',0.004992404127445462
'(7107, 1125)',0.01661701703775546
'(4337, 6949)',0.006925237736092285
'(6732, 6734)',0.006348783494054535
'(7114, 7185)',0.018203365598541636
'(6678, 7158)',0.012269565085019257
'(6671, 6950)',0.002466091245376079
'(6722, 6723)',0.02036748756385739
'(7059, 3959)',0.002466091245376079
'(6670, 6994)',0.005283156323872813
'(7002, 7003)',0.0009407790912106593
'(4438, 7023)',0.002466091245376079
'(6728, 6803)',0.012776658254537278
'(6628, 6718)',0.025707666581689118
'(6713, 6714)',0.04295248196921952
'(6092, 6093)',0.0014956062458000995
'(6667, 6721)',0.012194207505559483
'(6835, 6956)',0.0027890039547016454
'(6648, 6647)',0.00118249389336753
'(5517, 6654)',0.002466091245376079
'(6653, 6811)',0.040457814095715215
'(7109, 7114)',0.043078599241021434
'(6870, 647)',0.003564055028692946
'(6751, 6795)',0.0004557194542123986
'(6696, 7065)',0.0024660912453760794
'(6847, 3438)',0.002466091245376079
'(2116, 6937)',0.007900102160863762
'(6566, 6933)',0.004262955013286125
'(424, 6897)',0.007380006393569896
'(6984, 1915)',0.0035843215892591472
'(6654, 6834)',0.0032447515228975344
'(6791, 7060)',0.12501838528879688
'(6656, 664)',0.0012391347368741533
'(6693, 6800)',0.011028908069598576
'(7123, 7176)',0.005239811403669461
'(2481, 6824)',0.002466091245376079
'(6797, 7104)',0.002466091245376079
'(6935, 2551)',0.02856193319519205
'(7013, 7014)',0.002466091245376079
'(6963, 7158)',0.002466091245376079
'(6874, 6875)',0.002466091245376079
'(6965, 7015)',0.00704032224709648
'(7073, 5612)',0.002466091245376079
'(2422, 6669)',0.01286623299598108
'(1731, 6737)',0.0017429228310654446
'(6670, 1267)',0.01557022744345184
'(6555, 6556)',3.146042329492116e-05
'(6843, 6923)',0.015997316722957476
'(6762, 6951)',0.04639686357227728
'(6654, 5460)',0.002466091245376079
'(6814, 6948)',0.006554538742108473
'(6783, 6942)',0.014705210759464767
'(4326, 7023)',0.002466091245376079
'(7022, 7115)',0.01219437429368742
'(7153, 5363)',0.0012340604750523919
'(6976, 6996)',0.0025341927784890174
'(6970, 7107)',0.03596066408234361
'(7087, 5471)',0.002466091245376079
'(6808, 6822)',0.002466091245376079
'(6778, 7166)',0.002466091245376079
'(6951, 7186)',0.0021793954524465557
'(6953, 7086)',0.002466091245376079
'(6463, 6753)',0.002463046688283022
'(6651, 7079)',0.02530331337312738
'(6816, 7129)',0.16151087590883462
'(6743, 6808)',0.00859367691136814
'(6629, 6828)',0.0016068617131346674
'(6627, 6686)',0.0014556624433883978
'(6693, 6694)',0.021975613097684615
'(6810, 6981)',0.0185382414529946
'(6659, 6877)',0.003982657622882312
'(6804, 7133)',0.010474947032465366
'(6837, 6838)',0.004473003639070022
'(6793, 792)',0.002466091245376079
'(6709, 6994)',0.005041323899549622
'(7130, 7154)',0.002466091245376079
'(6831, 6668)',0.019313888806108778
'(6785, 1176)',0.002466091245376079
'(1437, 6642)',0.002466091245376079
'(6749, 6750)',0.009107345092522976
'(7074, 7080)',0.006359136551668961
'(6846, 4745)',6.0891141861137754e-06
'(6725, 7053)',0.004495766539465775
'(6654, 5622)',0.009827830296387634
'(4787, 6767)',0.002466091245376079
'(6813, 7042)',0.015771899068706085
'(7044, 1238)',0.0009365358196516916
'(7116, 7115)',0.02274796827085127
'(6937, 6946)',0.004962499688280683
'(6758, 7025)',0.002466091245376079
'(6666, 7094)',0.009365061247955839
'(6923, 6924)',0.02052267257863269
'(6743, 7033)',0.004926093376566044
'(248, 6942)',0.007380006393569896
'(6652, 6705)',0.025762692336328594
'(7061, 7062)',0.041199317759282386
'(6970, 7101)',0.08302763874174093
'(7114, 7189)',0.002466091245376079
'(6795, 7072)',0.002466091245376079
'(6836, 7078)',0.00037021814251571734
'(6758, 7085)',0.05962642511128147
'(6685, 5699)',0.0005496214270575182
'(7054, 7055)',0.0010864502554438224
'(7035, 7036)',0.004701147719150419
'(6182, 6504)',0.002601826431118113
'(6948, 3688)',0.0025445822671005787
'(6792, 6820)',0.0032711906951805735
'(6730, 7053)',0.03280799421644399
'(6862, 6861)',0.01312100945852924
'(6825, 7063)',0.002197345253956281
'(6984, 6985)',0.013906131257250386
'(6739, 6784)',0.032131089477876365
'(6882, 7105)',3.0445570930568878e-05
'(2327, 6938)',0.012756873356956282
'(6851, 7047)',3.0445570930568877e-06
'(6864, 6865)',0.0031477389014244145
'(6736, 6737)',0.0027270396666687893
'(6748, 7061)',0.02315392256044208
'(6862, 6978)',0.007643117409927765
'(6650, 6651)',0.008349074976010186
'(6628, 5355)',0.006140871656695743
'(5282, 6980)',0.0006592553448287128
'(4349, 4350)',0.002466091245376079
'(7192, 3898)',4.9727765853262495e-05
'(449, 6650)',0.001764263122668383
'(6810, 6801)',0.009487502448920751
'(6690, 6692)',0.03990192770991425
'(7088, 7175)',0.021169143620229598
'(6712, 6952)',0.000986378646434218
'(6660, 3878)',0.0049149300005581695
'(6666, 6856)',0.0024615244097364935
'(7133, 7137)',0.012641829106184346
'(7037, 7116)',0.04699928374405712
'(6717, 6791)',0.011612938691077242
'(6852, 7010)',0.004867381264223011
'(6702, 1347)',0.0030374078248216266
'(6728, 5606)',0.0034225535437190317
'(7004, 7026)',0.0002715126460572218
'(2123, 6910)',0.002466091245376079
'(6779, 6784)',0.0328321784869528
'(7162, 3057)',0.002466091245376079
'(7012, 6802)',0.004565969111797315
'(6664, 6961)',0.0018484263773730393
'(7053, 7090)',0.03482682842456605
'(6707, 6901)',0.012269565085019257
'(7175, 7176)',0.0029048626651037943
'(6566, 6931)',0.008846028290701056
'(7062, 6985)',0.02476097001296163
'(6907, 6959)',0.007380006393569896
'(6447, 6933)',0.00040122870478358333
'(6652, 1046)',0.002466091245376079
'(4840, 4841)',0.002466091245376079
'(6862, 6828)',0.02260579971297269
'(7100, 7110)',0.0023813510729526633
'(2144, 6810)',0.0035289127116371836
'(6938, 3103)',0.002466091245376079
'(7105, 6819)',0.009797384725457065
'(6460, 6555)',0.002473195211926544
'(6705, 6906)',0.007508798053727054
'(6798, 6668)',0.004093522994742344
'(7094, 7119)',0.007529497776551847
'(6855, 2564)',0.002466091245376079
'(294, 6779)',0.007380006393569897
'(6650, 7198)',0.0024660912453760794
'(6777, 6787)',0.021496553999630578
'(6657, 1599)',0.002466091245376079
'(6648, 1256)',0.003498894415001638
'(6715, 7171)',0.05019691101670839
'(6861, 6916)',0.007097717205064714
'(6683, 6700)',0.052980296242168094
'(4493, 6940)',0.002466091245376079
'(6863, 6888)',0.002466091245376079
'(7069, 929)',0.0015182507688330407
'(7043, 7044)',0.0022001274364611793
'(6754, 2551)',0.019499057203969047
'(6758, 7095)',0.004926093376566044
'(6977, 4000)',0.002466091245376079
'(6722, 6724)',0.0008393417745491221
'(6724, 7196)',0.002466091245376079
'(2737, 6824)',0.002466091245376079
'(7087, 5719)',0.002463046688283022
'(6837, 3936)',0.012269565085019257
'(6986, 1642)',0.00327215214494294
'(4597, 7005)',0.004926093376566044
'(7070, 7071)',0.0077514250116634265
'(6965, 7116)',0.008484849554012722
'(7068, 3750)',0.007380006393569896
'(7200, 7201)',0.004926093376566044
'(452, 457)',0.0034788483856849264
'(6779, 7065)',0.004926093376566045
'(6874, 6880)',6.0891141861137754e-06
'(2923, 7106)',0.002466091245376079
'(5597, 5599)',0.002466091245376079
'(6821, 6869)',5.023519203543863e-05
'(6787, 7133)',0.009628520178525005
'(7069, 7087)',0.0849255386412864
'(6731, 7053)',0.03280799421644399
'(1731, 7040)',0.0017429228310654457
'(6701, 6937)',0.004926093376566044
'(6887, 6982)',0.0909834033649273
'(7006, 7005)',0.007243001324382336
'(6182, 6142)',0.0013070777846774554
'(6724, 7052)',0.0021484130207189245
'(7083, 7084)',0.002466091245376079
'(6796, 6806)',0.007380006393569896
'(6175, 7175)',0.005735165973038023
'(6915, 3478)',0.002466091245376079
'(6777, 6873)',0.000821103251617374
'(6804, 6826)',0.01242092644111093
'(7068, 3796)',0.002466091245376079
'(6915, 6916)',0.0038195880327423957
'(2874, 7084)',0.00018267342558341327
'(7113, 7175)',0.016529187751640112
'(6838, 6996)',0.0013123443602210073
'(6982, 841)',0.003278987989222253
'(6367, 6404)',4.566835639585331e-06
'(7100, 7118)',0.013564492987191092
'(6892, 6893)',0.0001765843113972995
'(4844, 6969)',0.004659908705421677
'(6795, 6819)',0.018628351793172748
'(6714, 6859)',0.022300752905181687
'(6833, 6777)',0.01744621219733256
'(7067, 7205)',0.002466091245376079
'(7063, 6886)',0.0030266941051435166
'(6975, 6976)',0.00254044851158611
'(6889, 7116)',0.04699928374405711
'(427, 6897)',0.004926093376566044
'(6726, 6727)',0.0028885123339007753
'(6781, 4989)',0.002466091245376079
'(7129, 7134)',0.1300555879885939
'(4644, 6756)',0.002466091245376079
'(6891, 7158)',0.004926093376566044
'(7063, 1202)',0.002466091245376079
'(7137, 7143)',0.01338832588697741
'(6665, 7056)',2.3849030562278953e-05
'(6937, 3125)',0.002466091245376079
'(6895, 6896)',0.008073301816277483
'(6714, 7060)',0.10130018312183173
'(6645, 6073)',0.0025963376952096865
'(6852, 6853)',0.008082235881450787
'(6656, 2766)',0.0012391347368741533
'(6739, 7044)',0.005386489462645481
'(469, 470)',0.003690003196784948
'(6653, 6699)',0.0032916953906130327
'(6768, 6773)',0.004832035031149069
'(6793, 6961)',0.0029946766417673415
'(7108, 3328)',0.002466091245376079
'(7027, 3232)',0.002466091245376079
'(6745, 6741)',0.002466091245376079
'(663, 664)',0.003690003196784948
'(7088, 7089)',0.02556052578390938
'(6719, 2564)',0.0050555747464077535
'(7143, 3373)',0.002466091245376079
'(6862, 6831)',0.01985622590961863
'(6632, 6840)',0.005543027704967698
'(6777, 6778)',0.042884390336163696
'(6667, 6932)',0.14716874864584611
'(6653, 1570)',0.002466091245376079
'(6719, 7061)',0.012897766722552797
'(6779, 6780)',0.004926093376566044
'(6755, 6826)',0.01242092644111093
