l_id,v_id1,eq_no_id1,v_id2,eq_no_id2,wkt_srid_3857
1,1,1,2,2,'SRID=3857;LINESTRING(1060048.31259876 6865556.22418931,1014477.90947519 6899064.84850782)'
2,3,3,4,4,'SRID=3857;LINESTRING(1045261.64884734 6804884.59563129,1015819.93580178 6898041.83516777)'
3,5,5,6,6,'SRID=3857;LINESTRING(1153968.44765671 6851757.78665374,1104083.2613786 6869127.46138821)'
4,7,7,5,5,'SRID=3857;LINESTRING(1103975.40064388 6850579.03161219,1153968.44765671 6851757.78665374)'
5,8,8,9,9,'SRID=3857;LINESTRING(1159391.6532726 7059686.71558061,1155359.46222259 7023757.56958405)'
6,10,10,11,11,'SRID=3857;LINESTRING(1440657.5150121 6902408.13750346,1470096.66148879 6919827.53301598)'
7,11,11,12,12,'SRID=3857;LINESTRING(1470096.66148879 6919827.53301598,1526153.4554614 6898322.07842467)'
8,10,10,12,12,'SRID=3857;LINESTRING(1440657.5150121 6902408.13750346,1526153.4554614 6898322.07842467)'
9,13,13,14,14,'SRID=3857;LINESTRING(1265750.06686672 6155486.48990499,1315043.07429432 6143744.95020879)'
10,13,13,15,15,'SRID=3857;LINESTRING(1265750.06686672 6155486.48990499,1321157.12295583 6141328.69174797)'
11,429,429,119,119,'SRID=3857;LINESTRING(691983.438222475 6605806.16217717,718740.138688264 6598566.39602202)'
12,16,16,5,5,'SRID=3857;LINESTRING(1197913.53946942 6866890.71225085,1153968.44765671 6851757.78665374)'
13,17,17,12,12,'SRID=3857;LINESTRING(1502230.19325498 6907473.0443696,1526153.4554614 6898322.07842467)'
14,19,19,433,433,'SRID=3857;LINESTRING(1257239.29852692 6115517.27000577,1255430.17020041 6023392.07677968)'
16,14,14,15,15,'SRID=3857;LINESTRING(1315043.07429432 6143744.95020879,1321157.12295583 6141328.69174797)'
17,13,13,19,19,'SRID=3857;LINESTRING(1265750.06686672 6155486.48990499,1257239.29852692 6115517.27000577)'
18,20,20,21,21,'SRID=3857;LINESTRING(1111481.68743531 7121280.83921189,1130728.36887969 7086348.79316402)'
19,20,20,22,22,'SRID=3857;LINESTRING(1111481.68743531 7121280.83921189,1024406.52654264 7150401.80525711)'
20,20,20,23,23,'SRID=3857;LINESTRING(1111481.68743531 7121280.83921189,1111918.81420444 7126015.76118106)'
21,23,23,24,24,'SRID=3857;LINESTRING(1111918.81420444 7126015.76118106,1082803.87999877 7225542.27493619)'
22,25,25,26,26,'SRID=3857;LINESTRING(1040254.03798862 7155367.04851819,1040169.52385698 7142134.55359261)'
23,23,23,27,27,'SRID=3857;LINESTRING(1111918.81420444 7126015.76118106,1060831.67709016 7098323.23095246)'
24,28,28,23,23,'SRID=3857;LINESTRING(1088319.9928648 7111782.67818058,1111918.81420444 7126015.76118106)'
25,8,8,21,21,'SRID=3857;LINESTRING(1159391.6532726 7059686.71558061,1130728.36887969 7086348.79316402)'
26,9,9,29,29,'SRID=3857;LINESTRING(1155359.46222259 7023757.56958405,1155741.34068335 6981748.09447004)'
27,31,31,32,32,'SRID=3857;LINESTRING(1084936.55051936 6606596.84385321,1238190.51326237 6621100.75314217)'
28,32,32,33,33,'SRID=3857;LINESTRING(1238190.51326237 6621100.75314217,1156157.43792452 6621610.48085457)'
29,34,34,35,35,'SRID=3857;LINESTRING(904208.405183638 7087358.78852429,900090.508432566 7095856.64077612)'
30,35,35,36,36,'SRID=3857;LINESTRING(900090.508432566 7095856.64077612,897241.442320872 7098552.84118725)'
31,2,2,6,6,'SRID=3857;LINESTRING(1014477.90947519 6899064.84850782,1104083.2613786 6869127.46138821)'
32,37,37,10,10,'SRID=3857;LINESTRING(1295637.82513212 6848862.97123755,1440657.5150121 6902408.13750346)'
33,10,10,38,38,'SRID=3857;LINESTRING(1440657.5150121 6902408.13750346,1470700.53405497 6905799.05312594)'
34,37,37,38,38,'SRID=3857;LINESTRING(1295637.82513212 6848862.97123755,1470700.53405497 6905799.05312594)'
35,39,39,40,40,'SRID=3857;LINESTRING(1305482.58723765 6903660.18292128,1463115.81244021 7152779.59484678)'
36,39,39,41,41,'SRID=3857;LINESTRING(1305482.58723765 6903660.18292128,1319481.63043721 6999022.30099659)'
37,10,10,43,43,'SRID=3857;LINESTRING(1440657.5150121 6902408.13750346,1391423.06118241 6873730.22675779)'
39,44,44,45,45,'SRID=3857;LINESTRING(1503495.29432139 6886256.30871833,1481189.68590011 6841961.82416014)'
40,44,44,46,46,'SRID=3857;LINESTRING(1503495.29432139 6886256.30871833,1505510.32827441 6897564.72921428)'
41,46,46,12,12,'SRID=3857;LINESTRING(1505510.32827441 6897564.72921428,1526153.4554614 6898322.07842467)'
43,47,47,48,no equal node id,'SRID=3857;LINESTRING(1497963.30113494 6894966.46508631,1506935.11430699 6897898.50580254)'
44,348,348,347,347,'SRID=3857;LINESTRING(1488191.75994948 6891617.31624932,1482276.45220217 6895065.58769051)'
45,31,31,33,33,'SRID=3857;LINESTRING(1084936.55051936 6606596.84385321,1156157.43792452 6621610.48085457)'
46,31,31,51,51,'SRID=3857;LINESTRING(1084936.55051936 6606596.84385321,1030749.89517631 6631978.88232535)'
47,52,52,53,53,'SRID=3857;LINESTRING(925436.796678455 6276396.02224595,863115.170264068 6123400.03428663)'
48,52,52,54,54,'SRID=3857;LINESTRING(925436.796678455 6276396.02224595,939365.911880874 6317807.606619)'
49,52,52,55,55,'SRID=3857;LINESTRING(925436.796678455 6276396.02224595,947563.944201521 6324889.3764975)'
50,52,52,56,56,'SRID=3857;LINESTRING(925436.796678455 6276396.02224595,959931.31223542 6335583.9625945)'
51,57,57,52,52,'SRID=3857;LINESTRING(940153.494579454 6272501.18275884,925436.796678455 6276396.02224595)'
52,57,57,58,58,'SRID=3857;LINESTRING(940153.494579454 6272501.18275884,961976.738909436 6256226.15819957)'
53,58,58,52,52,'SRID=3857;LINESTRING(961976.738909436 6256226.15819957,925436.796678455 6276396.02224595)'
54,59,59,60,60,'SRID=3857;LINESTRING(953311.624110185 6988867.71581033,943400.074350683 7062683.76123891)'
55,61,61,62,62,'SRID=3857;LINESTRING(948317.588190205 7020568.27617918,981840.679369326 7002886.60731588)'
56,30,30,61,61,'SRID=3857;LINESTRING(1057734.39237905 7084041.92342586,948317.588190205 7020568.27617918)'
57,63,63,52,52,'SRID=3857;LINESTRING(903980.611740293 6225015.70478993,925436.796678455 6276396.02224595)'
58,13,13,64,64,'SRID=3857;LINESTRING(1265750.06686672 6155486.48990499,1273581.20911326 6135484.56809849)'
59,59,59,67,67,'SRID=3857;LINESTRING(953311.624110185 6988867.71581033,967940.86876401 7000132.9770056)'
60,61,61,67,67,'SRID=3857;LINESTRING(948317.588190205 7020568.27617918,967940.86876401 7000132.9770056)'
61,68,68,69,69,'SRID=3857;LINESTRING(976543.886907151 6441890.05723446,937240.102055482 6383085.29621266)'
62,70,70,69,69,'SRID=3857;LINESTRING(933809.830336372 6443211.95744127,937240.102055482 6383085.29621266)'
63,71,71,72,72,'SRID=3857;LINESTRING(1365018.91499349 6753433.37728126,1324067.95512275 6693374.25238603)'
64,73,73,74,74,'SRID=3857;LINESTRING(1464640.61728258 6769166.55481189,1547611.95307191 6777505.48102515)'
65,37,37,75,75,'SRID=3857;LINESTRING(1295637.82513212 6848862.97123755,1282017.0382301 6725318.37528252)'
66,72,72,75,75,'SRID=3857;LINESTRING(1324067.95512275 6693374.25238603,1282017.0382301 6725318.37528252)'
67,37,37,72,72,'SRID=3857;LINESTRING(1295637.82513212 6848862.97123755,1324067.95512275 6693374.25238603)'
68,76,76,77,77,'SRID=3857;LINESTRING(968726.528896454 6752594.28811044,1001073.07516109 6682193.87293107)'
70,10,10,45,45,'SRID=3857;LINESTRING(1440657.5150121 6902408.13750346,1481189.68590011 6841961.82416014)'
71,10,10,74,74,'SRID=3857;LINESTRING(1440657.5150121 6902408.13750346,1547611.95307191 6777505.48102515)'
72,45,45,74,74,'SRID=3857;LINESTRING(1481189.68590011 6841961.82416014,1547611.95307191 6777505.48102515)'
73,78,78,32,32,'SRID=3857;LINESTRING(1296468.94491574 6539427.61427731,1238190.51326237 6621100.75314217)'
74,79,79,80,80,'SRID=3857;LINESTRING(1611011.82742101 6719847.69286396,1615035.32980171 6694803.16392564)'
76,81,81,79,79,'SRID=3857;LINESTRING(1606137.55939458 6780054.8775568,1611011.82742101 6719847.69286396)'
78,34,34,82,82,'SRID=3857;LINESTRING(904208.405183638 7087358.78852429,906353.702336613 7088011.97809342)'
79,83,83,84,84,'SRID=3857;LINESTRING(1130592.19798883 7222515.52587547,1132937.88068625 7234721.59879749)'
80,83,83,24,24,'SRID=3857;LINESTRING(1130592.19798883 7222515.52587547,1082803.87999877 7225542.27493619)'
81,85,85,86,86,'SRID=3857;LINESTRING(783122.605419727 6836887.32820529,813550.425500548 6886798.63958507)'
82,87,87,86,86,'SRID=3857;LINESTRING(785953.983759508 6745433.35639174,813550.425500548 6886798.63958507)'
83,90,90,86,86,'SRID=3857;LINESTRING(839985.457988267 6794761.5124726,813550.425500548 6886798.63958507)'
84,91,91,86,86,'SRID=3857;LINESTRING(813144.486792154 6887712.65906938,813550.425500548 6886798.63958507)'
85,86,86,92,92,'SRID=3857;LINESTRING(813550.425500548 6886798.63958507,813115.275943555 6887828.74389295)'
87,86,86,93,93,'SRID=3857;LINESTRING(813550.425500548 6886798.63958507,810089.074839944 6937484.2800363)'
88,94,94,86,86,'SRID=3857;LINESTRING(924815.274647346 6862863.73785895,813550.425500548 6886798.63958507)'
89,86,86,95,95,'SRID=3857;LINESTRING(813550.425500548 6886798.63958507,878263.664996046 6850438.59987215)'
90,86,86,96,96,'SRID=3857;LINESTRING(813550.425500548 6886798.63958507,814619.33310524 6885395.36859831)'
91,42,42,98,98,'SRID=3857;LINESTRING(1356648.9481359 7135343.23805745,1359742.36722446 7189179.30213337)'
92,99,99,100,100,'SRID=3857;LINESTRING(778844.214994891 6338802.23619638,720764.739059662 6432859.70187708)'
94,42,42,181,181,'SRID=3857;LINESTRING(1356648.9481359 7135343.23805745,1562223.93610619 7077497.99914936)'
95,42,42,101,101,'SRID=3857;LINESTRING(1356648.9481359 7135343.23805745,1302370.44223821 7089562.79900337)'
96,102,102,42,42,'SRID=3857;LINESTRING(1265773.56720167 7094948.04461531,1356648.9481359 7135343.23805745)'
97,103,103,87,87,'SRID=3857;LINESTRING(773471.306744959 6700314.03780132,785953.983759508 6745433.35639174)'
98,104,104,103,103,'SRID=3857;LINESTRING(771083.28311433 6710077.04538898,773471.306744959 6700314.03780132)'
99,105,105,87,87,'SRID=3857;LINESTRING(743701.13911348 6736423.28845178,785953.983759508 6745433.35639174)'
100,106,106,107,107,'SRID=3857;LINESTRING(797850.683625194 6690555.68949522,793215.151936644 6701100.18616622)'
101,108,108,107,107,'SRID=3857;LINESTRING(778798.824158444 6712753.31944486,793215.151936644 6701100.18616622)'
102,109,109,106,106,'SRID=3857;LINESTRING(814099.793650806 6700677.60023477,797850.683625194 6690555.68949522)'
103,110,110,111,111,'SRID=3857;LINESTRING(889764.146430726 6743136.56132211,960108.406037683 6697334.11102728)'
104,87,87,112,112,'SRID=3857;LINESTRING(785953.983759508 6745433.35639174,818544.670400209 6723786.98835946)'
105,113,113,87,87,'SRID=3857;LINESTRING(792955.323646165 6714800.40292274,785953.983759508 6745433.35639174)'
106,87,87,85,85,'SRID=3857;LINESTRING(785953.983759508 6745433.35639174,783122.605419727 6836887.32820529)'
107,110,110,114,114,'SRID=3857;LINESTRING(889764.146430726 6743136.56132211,914122.866899159 6652837.80275815)'
108,115,115,116,116,'SRID=3857;LINESTRING(732090.640052962 6631133.81838563,753913.827777882 6647356.35380258)'
109,117,117,118,118,'SRID=3857;LINESTRING(776183.775582748 6585233.44292637,794471.172064294 6558371.99009649)'
110,117,117,119,119,'SRID=3857;LINESTRING(776183.775582748 6585233.44292637,718740.138688264 6598566.39602202)'
111,117,117,120,120,'SRID=3857;LINESTRING(776183.775582748 6585233.44292637,875410.432552057 6580400.34033273)'
112,121,121,122,122,'SRID=3857;LINESTRING(703724.552763617 6592748.92614895,686549.79359579 6586352.07469177)'
113,123,123,124,124,'SRID=3857;LINESTRING(746085.180935131 6622861.05835928,736089.264547628 6627650.77657821)'
114,455,455,173,173,'SRID=3857;LINESTRING(757963.978116761 6668945.5453907,737251.537575814 6667185.35021501)'
115,125,125,126,126,'SRID=3857;LINESTRING(775417.327772857 6633564.13630515,805195.794501331 6662525.01212664)'
116,127,127,119,119,'SRID=3857;LINESTRING(701413.120209805 6591093.12002968,718740.138688264 6598566.39602202)'
117,118,118,496,496,'SRID=3857;LINESTRING(794471.172064294 6558371.99009649,829273.101095401 6516280.29433337)'
118,121,121,119,119,'SRID=3857;LINESTRING(703724.552763617 6592748.92614895,718740.138688264 6598566.39602202)'
452,46,46,47,47,'SRID=3857;LINESTRING(1505510.32827441 6897564.72921428,1497963.30113494 6894966.46508631)'
119,129,129,124,124,'SRID=3857;LINESTRING(737583.914466148 6667522.95228354,736089.264547628 6627650.77657821)'
120,125,125,130,130,'SRID=3857;LINESTRING(775417.327772857 6633564.13630515,792937.859183061 6651702.10327713)'
121,125,125,123,123,'SRID=3857;LINESTRING(775417.327772857 6633564.13630515,746085.180935131 6622861.05835928)'
122,131,131,132,132,'SRID=3857;LINESTRING(757094.251029236 6642998.15971084,780213.728344072 6652175.4805311)'
123,133,133,123,123,'SRID=3857;LINESTRING(761720.39052837 6597190.67175024,746085.180935131 6622861.05835928)'
125,117,117,134,134,'SRID=3857;LINESTRING(776183.775582748 6585233.44292637,757483.528821606 6615326.11018264)'
126,135,135,136,136,'SRID=3857;LINESTRING(859233.654516491 6716338.44829307,882849.291589706 6741209.0474158)'
128,123,123,131,131,'SRID=3857;LINESTRING(746085.180935131 6622861.05835928,757094.251029236 6642998.15971084)'
130,117,117,496,496,'SRID=3857;LINESTRING(776183.775582748 6585233.44292637,829273.101095401 6516280.29433337)'
131,137,137,105,105,'SRID=3857;LINESTRING(692611.113373776 6745100.67040111,743701.13911348 6736423.28845178)'
132,138,138,87,87,'SRID=3857;LINESTRING(779987.833032432 6728105.09603163,785953.983759508 6745433.35639174)'
133,139,139,105,105,'SRID=3857;LINESTRING(783424.266934502 6727861.0439117,743701.13911348 6736423.28845178)'
134,140,140,87,87,'SRID=3857;LINESTRING(808634.113709598 6723386.20644222,785953.983759508 6745433.35639174)'
135,139,139,107,107,'SRID=3857;LINESTRING(783424.266934502 6727861.0439117,793215.151936644 6701100.18616622)'
136,106,106,141,141,'SRID=3857;LINESTRING(797850.683625194 6690555.68949522,810288.709812124 6705263.89001229)'
137,142,142,107,107,'SRID=3857;LINESTRING(800017.288051317 6719270.56504207,793215.151936644 6701100.18616622)'
138,129,129,123,123,'SRID=3857;LINESTRING(737583.914466148 6667522.95228354,746085.180935131 6622861.05835928)'
139,140,140,143,143,'SRID=3857;LINESTRING(808634.113709598 6723386.20644222,818349.41782786 6722454.10104968)'
140,142,142,144,144,'SRID=3857;LINESTRING(800017.288051317 6719270.56504207,799204.834856098 6705249.68964155)'
141,140,140,106,106,'SRID=3857;LINESTRING(808634.113709598 6723386.20644222,797850.683625194 6690555.68949522)'
142,145,145,146,146,'SRID=3857;LINESTRING(771988.281166956 6627225.58467348,760094.674324349 6650115.63313813)'
143,147,147,107,107,'SRID=3857;LINESTRING(835561.856167038 6692642.15165682,793215.151936644 6701100.18616622)'
144,144,144,107,107,'SRID=3857;LINESTRING(799204.834856098 6705249.68964155,793215.151936644 6701100.18616622)'
145,140,140,141,141,'SRID=3857;LINESTRING(808634.113709598 6723386.20644222,810288.709812124 6705263.89001229)'
149,125,125,148,148,'SRID=3857;LINESTRING(775417.327772857 6633564.13630515,762204.481721962 6657741.41623594)'
150,149,149,150,150,'SRID=3857;LINESTRING(800739.555670952 6585698.76129349,784511.259043296 6604599.81577228)'
151,145,145,125,125,'SRID=3857;LINESTRING(771988.281166956 6627225.58467348,775417.327772857 6633564.13630515)'
152,129,129,151,151,'SRID=3857;LINESTRING(737583.914466148 6667522.95228354,746926.615181043 6637394.41607483)'
153,125,125,1480,1480,'SRID=3857;LINESTRING(775417.327772857 6633564.13630515,742267.849104941 6620157.24993422)'
154,149,149,120,120,'SRID=3857;LINESTRING(800739.555670952 6585698.76129349,875410.432552057 6580400.34033273)'
155,126,126,120,120,'SRID=3857;LINESTRING(805195.794501331 6662525.01212664,875410.432552057 6580400.34033273)'
156,129,129,153,153,'SRID=3857;LINESTRING(737583.914466148 6667522.95228354,704653.073824502 6664375.87170608)'
157,125,125,147,147,'SRID=3857;LINESTRING(775417.327772857 6633564.13630515,835561.856167038 6692642.15165682)'
158,34,34,161,161,'SRID=3857;LINESTRING(904208.405183638 7087358.78852429,896437.777514289 7044997.24820776)'
159,125,125,154,154,'SRID=3857;LINESTRING(775417.327772857 6633564.13630515,781857.403039845 6621128.93889009)'
161,130,130,120,120,'SRID=3857;LINESTRING(792937.859183061 6651702.10327713,875410.432552057 6580400.34033273)'
162,125,125,155,155,'SRID=3857;LINESTRING(775417.327772857 6633564.13630515,859874.503661138 6694022.10726066)'
164,117,117,156,156,'SRID=3857;LINESTRING(776183.775582748 6585233.44292637,761673.692660819 6596542.75022486)'
165,117,117,149,149,'SRID=3857;LINESTRING(776183.775582748 6585233.44292637,800739.555670952 6585698.76129349)'
166,154,154,150,150,'SRID=3857;LINESTRING(781857.403039845 6621128.93889009,784511.259043296 6604599.81577228)'
169,157,157,110,110,'SRID=3857;LINESTRING(931101.778650493 6786958.61992996,889764.146430726 6743136.56132211)'
170,119,119,158,158,'SRID=3857;LINESTRING(718740.138688264 6598566.39602202,722254.577581136 6600283.34205643)'
171,159,159,60,60,'SRID=3857;LINESTRING(896576.908927261 7044703.03862488,943400.074350683 7062683.76123891)'
172,160,160,161,161,'SRID=3857;LINESTRING(943756.695000001 7062652.8,896437.777514289 7044997.24820776)'
173,123,123,1480,1480,'SRID=3857;LINESTRING(746085.180935131 6622861.05835928,742267.849104941 6620157.24993422)'
174,115,115,151,151,'SRID=3857;LINESTRING(732090.640052962 6631133.81838563,746926.615181043 6637394.41607483)'
175,162,162,134,134,'SRID=3857;LINESTRING(762709.122098498 6618493.44046673,757483.528821606 6615326.11018264)'
176,115,115,123,123,'SRID=3857;LINESTRING(732090.640052962 6631133.81838563,746085.180935131 6622861.05835928)'
513,207,207,374,374,'SRID=3857;LINESTRING(846820.297152514 6781812.59465969,845066.318649743 6787197.11912817)'
177,134,134,1480,1480,'SRID=3857;LINESTRING(757483.528821606 6615326.11018264,742267.849104941 6620157.24993422)'
181,123,123,163,163,'SRID=3857;LINESTRING(746085.180935131 6622861.05835928,734265.570640955 6612900.6732535)'
182,112,112,164,164,'SRID=3857;LINESTRING(818544.670400209 6723786.98835946,816930.619882765 6733853.97843745)'
183,112,112,165,165,'SRID=3857;LINESTRING(818544.670400209 6723786.98835946,858073.599183458 6741796.25784715)'
184,166,166,165,165,'SRID=3857;LINESTRING(847922.904661971 6734778.65094646,858073.599183458 6741796.25784715)'
186,167,167,165,165,'SRID=3857;LINESTRING(837376.393230434 6715978.84927163,858073.599183458 6741796.25784715)'
187,168,168,104,104,'SRID=3857;LINESTRING(768840.06797857 6721894.24942313,771083.28311433 6710077.04538898)'
188,138,138,104,104,'SRID=3857;LINESTRING(779987.833032432 6728105.09603163,771083.28311433 6710077.04538898)'
189,139,139,104,104,'SRID=3857;LINESTRING(783424.266934502 6727861.0439117,771083.28311433 6710077.04538898)'
190,104,104,169,169,'SRID=3857;LINESTRING(771083.28311433 6710077.04538898,775601.181397639 6708585.15138781)'
192,168,168,105,105,'SRID=3857;LINESTRING(768840.06797857 6721894.24942313,743701.13911348 6736423.28845178)'
193,104,104,170,170,'SRID=3857;LINESTRING(771083.28311433 6710077.04538898,765084.797874202 6700529.70600489)'
196,139,139,87,87,'SRID=3857;LINESTRING(783424.266934502 6727861.0439117,785953.983759508 6745433.35639174)'
198,171,171,89,89,'SRID=3857;LINESTRING(764547.272873561 6687803.21790733,748486.338616099 6684447.63509408)'
199,184,184,187,187,'SRID=3857;LINESTRING(736643.500620426 6705891.11748958,744654.236542872 6723896.68088702)'
201,105,105,172,172,'SRID=3857;LINESTRING(743701.13911348 6736423.28845178,755584.375043988 6711211.50415212)'
202,123,123,173,173,'SRID=3857;LINESTRING(746085.180935131 6622861.05835928,737251.537575814 6667185.35021501)'
204,105,105,174,174,'SRID=3857;LINESTRING(743701.13911348 6736423.28845178,758326.838972772 6713728.33895523)'
205,37,37,39,39,'SRID=3857;LINESTRING(1295637.82513212 6848862.97123755,1305482.58723765 6903660.18292128)'
206,129,129,175,175,'SRID=3857;LINESTRING(737583.914466148 6667522.95228354,748101.491870862 6690845.72465849)'
207,129,129,176,176,'SRID=3857;LINESTRING(737583.914466148 6667522.95228354,728297.576022857 6674434.13433423)'
208,88,88,129,129,'SRID=3857;LINESTRING(743024.754756488 6678977.17631151,737583.914466148 6667522.95228354)'
209,178,178,120,120,'SRID=3857;LINESTRING(892814.641362636 6607793.54635006,875410.432552057 6580400.34033273)'
210,179,179,12,12,'SRID=3857;LINESTRING(1553686.75497718 7029779.74996667,1526153.4554614 6898322.07842467)'
211,180,180,181,181,'SRID=3857;LINESTRING(1588622.05095898 7000828.22984944,1562223.93610619 7077497.99914936)'
212,179,179,181,181,'SRID=3857;LINESTRING(1553686.75497718 7029779.74996667,1562223.93610619 7077497.99914936)'
213,180,180,12,12,'SRID=3857;LINESTRING(1588622.05095898 7000828.22984944,1526153.4554614 6898322.07842467)'
214,183,183,30,30,'SRID=3857;LINESTRING(1103047.8656455 7073788.55343932,1057734.39237905 7084041.92342586)'
215,183,183,21,21,'SRID=3857;LINESTRING(1103047.8656455 7073788.55343932,1130728.36887969 7086348.79316402)'
218,88,88,89,89,'SRID=3857;LINESTRING(743024.754756488 6678977.17631151,748486.338616099 6684447.63509408)'
219,184,184,185,185,'SRID=3857;LINESTRING(736643.500620426 6705891.11748958,741024.376949068 6688703.6377942)'
220,184,184,89,89,'SRID=3857;LINESTRING(736643.500620426 6705891.11748958,748486.338616099 6684447.63509408)'
221,184,184,186,186,'SRID=3857;LINESTRING(736643.500620426 6705891.11748958,747081.276033164 6714903.35206591)'
223,104,104,172,172,'SRID=3857;LINESTRING(771083.28311433 6710077.04538898,755584.375043988 6711211.50415212)'
225,89,89,175,175,'SRID=3857;LINESTRING(748486.338616099 6684447.63509408,748101.491870862 6690845.72465849)'
226,185,185,89,89,'SRID=3857;LINESTRING(741024.376949068 6688703.6377942,748486.338616099 6684447.63509408)'
227,89,89,188,188,'SRID=3857;LINESTRING(748486.338616099 6684447.63509408,748473.560199494 6688047.72112337)'
228,189,189,190,190,'SRID=3857;LINESTRING(959200.83497216 6117834.22841594,987731.47443829 6158598.8986593)'
229,191,191,172,172,'SRID=3857;LINESTRING(747538.502898399 6715011.29748736,755584.375043988 6711211.50415212)'
231,42,42,192,192,'SRID=3857;LINESTRING(1356648.9481359 7135343.23805745,1356513.18152989 7134416.47784108)'
233,105,105,186,186,'SRID=3857;LINESTRING(743701.13911348 6736423.28845178,747081.276033164 6714903.35206591)'
234,105,105,187,187,'SRID=3857;LINESTRING(743701.13911348 6736423.28845178,744654.236542872 6723896.68088702)'
235,191,191,193,193,'SRID=3857;LINESTRING(747538.502898399 6715011.29748736,748353.049802328 6706605.47707483)'
236,187,187,497,497,'SRID=3857;LINESTRING(744654.236542872 6723896.68088702,743777.131558634 6724116.97547724)'
238,191,191,195,195,'SRID=3857;LINESTRING(747538.502898399 6715011.29748736,743960.067623645 6723757.43057198)'
239,191,191,196,196,'SRID=3857;LINESTRING(747538.502898399 6715011.29748736,750896.369078637 6709976.23239759)'
240,197,197,195,195,'SRID=3857;LINESTRING(736298.123492574 6731469.19625989,743960.067623645 6723757.43057198)'
241,197,197,191,191,'SRID=3857;LINESTRING(736298.123492574 6731469.19625989,747538.502898399 6715011.29748736)'
242,134,134,123,123,'SRID=3857;LINESTRING(757483.528821606 6615326.11018264,746085.180935131 6622861.05835928)'
244,200,200,193,193,'SRID=3857;LINESTRING(749416.720504548 6702969.947026,748353.049802328 6706605.47707483)'
246,4,4,201,201,'SRID=3857;LINESTRING(1015819.93580178 6898041.83516777,1029820.42694527 7004192.91679913)'
248,202,202,86,86,'SRID=3857;LINESTRING(814958.041866282 6885824.02099882,813550.425500548 6886798.63958507)'
249,147,147,204,204,'SRID=3857;LINESTRING(835561.856167038 6692642.15165682,857867.811789013 6670720.08478497)'
251,147,147,205,205,'SRID=3857;LINESTRING(835561.856167038 6692642.15165682,829369.141522579 6694784.9086516)'
252,123,123,206,no equal node id,'SRID=3857;LINESTRING(746085.180935131 6622861.05835928,738547.125086035 6627660.62999457)'
254,165,165,207,207,'SRID=3857;LINESTRING(858073.599183458 6741796.25784715,846820.297152514 6781812.59465969)'
255,165,165,208,208,'SRID=3857;LINESTRING(858073.599183458 6741796.25784715,824158.798721424 6736090.92637583)'
256,4,4,2,2,'SRID=3857;LINESTRING(1015819.93580178 6898041.83516777,1014477.90947519 6899064.84850782)'
259,209,209,4,4,'SRID=3857;LINESTRING(995162.03 6873329.68,1015819.93580178 6898041.83516777)'
260,119,119,163,163,'SRID=3857;LINESTRING(718740.138688264 6598566.39602202,734265.570640955 6612900.6732535)'
261,210,210,3,3,'SRID=3857;LINESTRING(1047463.01592233 6806332.73304346,1045261.64884734 6804884.59563129)'
262,99,99,211,no equal node id,'SRID=3857;LINESTRING(778844.214994891 6338802.23619638,805484.846582112 6337773.5743951)'
263,99,99,69,69,'SRID=3857;LINESTRING(778844.214994891 6338802.23619638,937240.102055482 6383085.29621266)'
264,212,212,99,99,'SRID=3857;LINESTRING(758495.871845881 6398757.627763,778844.214994891 6338802.23619638)'
265,213,213,214,214,'SRID=3857;LINESTRING(956088.656397995 6414387.21416099,951465.612173289 6349945.06603083)'
266,69,69,215,215,'SRID=3857;LINESTRING(937240.102055482 6383085.29621266,936006.423888152 6365038.43068912)'
267,69,69,496,496,'SRID=3857;LINESTRING(937240.102055482 6383085.29621266,829273.101095401 6516280.29433337)'
270,216,216,69,69,'SRID=3857;LINESTRING(1023113.78066788 6260352.18673733,937240.102055482 6383085.29621266)'
273,217,217,98,98,'SRID=3857;LINESTRING(1350535.85740226 7197182.79476041,1359742.36722446 7189179.30213337)'
274,42,42,218,218,'SRID=3857;LINESTRING(1356648.9481359 7135343.23805745,1359607.34572508 7191396.33239616)'
275,177,177,42,42,'SRID=3857;LINESTRING(1455907.78404199 7224288.39114938,1356648.9481359 7135343.23805745)'
276,219,219,209,209,'SRID=3857;LINESTRING(954148.172554998 6819199.2596058,995162.03 6873329.68)'
277,219,219,220,220,'SRID=3857;LINESTRING(954148.172554998 6819199.2596058,963956.987900695 6800054.96229672)'
280,94,94,95,95,'SRID=3857;LINESTRING(924815.274647346 6862863.73785895,878263.664996046 6850438.59987215)'
281,159,159,221,221,'SRID=3857;LINESTRING(896576.908927261 7044703.03862488,813897.129302683 7006295.30275364)'
284,211,no equal node id,52,52,'SRID=3857;LINESTRING(805484.846582112 6337773.5743951,925436.796678455 6276396.02224595)'
285,215,215,223,223,'SRID=3857;LINESTRING(936006.423888152 6365038.43068912,920977.110434478 6279851.11008204)'
286,224,224,215,215,'SRID=3857;LINESTRING(929777.562530262 6346647.50581194,936006.423888152 6365038.43068912)'
287,225,225,224,224,'SRID=3857;LINESTRING(860410.836022479 6357156.92951801,929777.562530262 6346647.50581194)'
288,224,224,223,223,'SRID=3857;LINESTRING(929777.562530262 6346647.50581194,920977.110434478 6279851.11008204)'
289,226,226,6,6,'SRID=3857;LINESTRING(1090634.47056991 6800277.20385817,1104083.2613786 6869127.46138821)'
290,7,7,3,3,'SRID=3857;LINESTRING(1103975.40064388 6850579.03161219,1045261.64884734 6804884.59563129)'
291,216,216,227,227,'SRID=3857;LINESTRING(1023113.78066788 6260352.18673733,1122340.62580186 6151237.47962909)'
292,228,228,229,229,'SRID=3857;LINESTRING(960371.200886989 6367606.57778828,946417.001345286 6350693.53976539)'
293,227,227,230,230,'SRID=3857;LINESTRING(1122340.62580186 6151237.47962909,1156807.22085195 6193545.78825183)'
294,231,231,53,53,'SRID=3857;LINESTRING(885888.957332226 6039818.70929429,863115.170264068 6123400.03428663)'
295,232,232,233,233,'SRID=3857;LINESTRING(1122518.06345604 6151701.93838016,1100450.51348339 6157591.88836078)'
296,234,234,235,235,'SRID=3857;LINESTRING(1003369.28369563 6081165.57048009,918600.148823572 6047133.24200569)'
297,236,236,214,214,'SRID=3857;LINESTRING(1023778.25603808 6260105.99629844,951465.612173289 6349945.06603083)'
299,233,233,227,227,'SRID=3857;LINESTRING(1100450.51348339 6157591.88836078,1122340.62580186 6151237.47962909)'
300,212,212,100,100,'SRID=3857;LINESTRING(758495.871845881 6398757.627763,720764.739059662 6432859.70187708)'
301,100,100,239,239,'SRID=3857;LINESTRING(720764.739059662 6432859.70187708,746095.002901598 6416713.19146051)'
302,238,238,100,100,'SRID=3857;LINESTRING(736994.656519751 6402909.43680734,720764.739059662 6432859.70187708)'
303,213,213,240,240,'SRID=3857;LINESTRING(956088.656397995 6414387.21416099,949724.429199956 6454571.32866163)'
304,241,241,242,242,'SRID=3857;LINESTRING(943028.777532562 6463127.5634519,897873.84736666 6516898.95876352)'
305,70,70,241,241,'SRID=3857;LINESTRING(933809.830336372 6443211.95744127,943028.777532562 6463127.5634519)'
307,243,243,244,no equal node id,'SRID=3857;LINESTRING(950358.878441986 6459809.79451767,950944.639504509 6462915.95386949)'
309,68,68,213,213,'SRID=3857;LINESTRING(976543.886907151 6441890.05723446,956088.656397995 6414387.21416099)'
311,68,68,245,245,'SRID=3857;LINESTRING(976543.886907151 6441890.05723446,1000710.5938711 6456717.50951504)'
312,245,245,246,246,'SRID=3857;LINESTRING(1000710.5938711 6456717.50951504,997278.878355396 6460594.37025851)'
313,68,68,246,246,'SRID=3857;LINESTRING(976543.886907151 6441890.05723446,997278.878355396 6460594.37025851)'
314,232,232,247,247,'SRID=3857;LINESTRING(1122518.06345604 6151701.93838016,1153646.66552885 6063433.28208755)'
315,247,247,227,227,'SRID=3857;LINESTRING(1153646.66552885 6063433.28208755,1122340.62580186 6151237.47962909)'
316,248,248,208,208,'SRID=3857;LINESTRING(830610.414556644 6730740.50835274,824158.798721424 6736090.92637583)'
317,112,112,208,208,'SRID=3857;LINESTRING(818544.670400209 6723786.98835946,824158.798721424 6736090.92637583)'
319,165,165,249,249,'SRID=3857;LINESTRING(858073.599183458 6741796.25784715,859189.691471115 6741455.19106726)'
320,165,165,250,250,'SRID=3857;LINESTRING(858073.599183458 6741796.25784715,858890.37050543 6741329.68942622)'
321,165,165,251,251,'SRID=3857;LINESTRING(858073.599183458 6741796.25784715,858784.739209393 6741232.1434294)'
322,165,165,252,252,'SRID=3857;LINESTRING(858073.599183458 6741796.25784715,858573.947736633 6741153.88020054)'
323,110,110,253,253,'SRID=3857;LINESTRING(889764.146430726 6743136.56132211,888465.519760284 6741308.73815237)'
324,110,110,198,198,'SRID=3857;LINESTRING(889764.146430726 6743136.56132211,887289.473304469 6741904.41976022)'
326,69,69,254,254,'SRID=3857;LINESTRING(937240.102055482 6383085.29621266,867464.605720198 6413530.64467136)'
327,255,255,496,496,'SRID=3857;LINESTRING(770345.39967183 6441182.7034322,829273.101095401 6516280.29433337)'
328,292,292,74,74,'SRID=3857;LINESTRING(1296224.31788209 6783600.29168073,1547611.95307191 6777505.48102515)'
329,256,256,238,238,'SRID=3857;LINESTRING(752021.428373435 6337000.44329061,736994.656519751 6402909.43680734)'
332,69,69,225,225,'SRID=3857;LINESTRING(937240.102055482 6383085.29621266,860410.836022479 6357156.92951801)'
333,258,258,259,259,'SRID=3857;LINESTRING(1100148.74458892 6712992.64835499,1096652.12060928 6736931.5503471)'
334,260,260,190,190,'SRID=3857;LINESTRING(978030.012172263 6204528.2975891,987731.47443829 6158598.8986593)'
335,260,260,261,261,'SRID=3857;LINESTRING(978030.012172263 6204528.2975891,1006933.26706852 6258411.91697979)'
336,94,94,265,265,'SRID=3857;LINESTRING(924815.274647346 6862863.73785895,902239.980451186 6848049.07132688)'
337,14,14,266,266,'SRID=3857;LINESTRING(1315043.07429432 6143744.95020879,1350326.64511667 6092420.80556733)'
338,116,116,267,267,'SRID=3857;LINESTRING(753913.827777882 6647356.35380258,757175.546183975 6643397.04916001)'
340,151,151,116,116,'SRID=3857;LINESTRING(746926.615181043 6637394.41607483,753913.827777882 6647356.35380258)'
341,111,111,114,114,'SRID=3857;LINESTRING(960108.406037683 6697334.11102728,914122.866899159 6652837.80275815)'
342,77,77,111,111,'SRID=3857;LINESTRING(1001073.07516109 6682193.87293107,960108.406037683 6697334.11102728)'
344,268,268,120,120,'SRID=3857;LINESTRING(888893.645579576 6593432.5431524,875410.432552057 6580400.34033273)'
345,269,269,120,120,'SRID=3857;LINESTRING(922266.597836936 6578786.75756737,875410.432552057 6580400.34033273)'
346,270,270,271,271,'SRID=3857;LINESTRING(804198.543819651 7047989.10578839,802179.628212513 7046386.69038934)'
348,275,275,496,496,'SRID=3857;LINESTRING(827491.95734248 6522219.30777806,829273.101095401 6516280.29433337)'
349,276,276,496,496,'SRID=3857;LINESTRING(845282.496313382 6513384.74667946,829273.101095401 6516280.29433337)'
350,34,34,277,277,'SRID=3857;LINESTRING(904208.405183638 7087358.78852429,904154.387548222 7088355.19884041)'
355,37,37,278,278,'SRID=3857;LINESTRING(1295637.82513212 6848862.97123755,1287021.24173213 6822559.88887739)'
357,37,37,42,42,'SRID=3857;LINESTRING(1295637.82513212 6848862.97123755,1356648.9481359 7135343.23805745)'
359,177,177,218,218,'SRID=3857;LINESTRING(1455907.78404199 7224288.39114938,1359607.34572508 7191396.33239616)'
360,279,279,280,280,'SRID=3857;LINESTRING(1426422.23549038 6596194.14673887,1489713.42799112 6684508.56124475)'
362,279,279,281,281,'SRID=3857;LINESTRING(1426422.23549038 6596194.14673887,1340841.32766406 6582691.41062945)'
363,279,279,282,282,'SRID=3857;LINESTRING(1426422.23549038 6596194.14673887,1393522.11387716 6649125.21812295)'
364,282,282,281,281,'SRID=3857;LINESTRING(1393522.11387716 6649125.21812295,1340841.32766406 6582691.41062945)'
365,279,279,78,78,'SRID=3857;LINESTRING(1426422.23549038 6596194.14673887,1296468.94491574 6539427.61427731)'
367,78,78,281,281,'SRID=3857;LINESTRING(1296468.94491574 6539427.61427731,1340841.32766406 6582691.41062945)'
368,285,285,161,161,'SRID=3857;LINESTRING(899642.571735954 6956892.36933184,896437.777514289 7044997.24820776)'
370,270,270,161,161,'SRID=3857;LINESTRING(804198.543819651 7047989.10578839,896437.777514289 7044997.24820776)'
372,258,258,286,286,'SRID=3857;LINESTRING(1100148.74458892 6712992.64835499,1065004.93032614 6679030.90865547)'
375,265,265,95,95,'SRID=3857;LINESTRING(902239.980451186 6848049.07132688,878263.664996046 6850438.59987215)'
377,95,95,287,287,'SRID=3857;LINESTRING(878263.664996046 6850438.59987215,862368.99929429 6852461.09731948)'
378,63,63,288,288,'SRID=3857;LINESTRING(903980.611740293 6225015.70478993,880618.365603731 6190660.25462292)'
379,289,289,95,95,'SRID=3857;LINESTRING(860021.701032527 6850401.87213326,878263.664996046 6850438.59987215)'
380,8,8,102,102,'SRID=3857;LINESTRING(1159391.6532726 7059686.71558061,1265773.56720167 7094948.04461531)'
381,8,8,101,101,'SRID=3857;LINESTRING(1159391.6532726 7059686.71558061,1302370.44223821 7089562.79900337)'
382,80,80,290,290,'SRID=3857;LINESTRING(1615035.32980171 6694803.16392564,1582877.26097841 6642673.41052688)'
384,80,80,291,no equal node id,'SRID=3857;LINESTRING(1615035.32980171 6694803.16392564,1621934.6211992 6695749.77742817)'
388,37,37,292,292,'SRID=3857;LINESTRING(1295637.82513212 6848862.97123755,1296224.31788209 6783600.29168073)'
391,78,78,293,293,'SRID=3857;LINESTRING(1296468.94491574 6539427.61427731,1277356.74226134 6551545.3131262)'
393,78,78,294,294,'SRID=3857;LINESTRING(1296468.94491574 6539427.61427731,1223514.15424925 6546199.49617467)'
395,5,5,295,295,'SRID=3857;LINESTRING(1153968.44765671 6851757.78665374,1169466.81975228 6854886.70553761)'
397,4,4,296,296,'SRID=3857;LINESTRING(1015819.93580178 6898041.83516777,1014524.42963368 6899419.80817399)'
399,2,2,201,201,'SRID=3857;LINESTRING(1014477.90947519 6899064.84850782,1029820.42694527 7004192.91679913)'
401,5,5,297,297,'SRID=3857;LINESTRING(1153968.44765671 6851757.78665374,1154297.41937546 6830394.48495762)'
402,5,5,298,298,'SRID=3857;LINESTRING(1153968.44765671 6851757.78665374,1159897.96185847 6843084.91208427)'
403,297,297,299,299,'SRID=3857;LINESTRING(1154297.41937546 6830394.48495762,1122951.70947319 6857306.90055575)'
404,61,61,161,161,'SRID=3857;LINESTRING(948317.588190205 7020568.27617918,896437.777514289 7044997.24820776)'
406,117,117,123,123,'SRID=3857;LINESTRING(776183.775582748 6585233.44292637,746085.180935131 6622861.05835928)'
407,133,133,117,117,'SRID=3857;LINESTRING(761720.39052837 6597190.67175024,776183.775582748 6585233.44292637)'
408,74,74,280,280,'SRID=3857;LINESTRING(1547611.95307191 6777505.48102515,1489713.42799112 6684508.56124475)'
411,300,300,94,94,'SRID=3857;LINESTRING(935433.42751571 6911116.53452588,924815.274647346 6862863.73785895)'
413,5,5,301,301,'SRID=3857;LINESTRING(1153968.44765671 6851757.78665374,1139451.07676937 6853361.62975101)'
414,32,32,294,294,'SRID=3857;LINESTRING(1238190.51326237 6621100.75314217,1223514.15424925 6546199.49617467)'
415,5,5,29,29,'SRID=3857;LINESTRING(1153968.44765671 6851757.78665374,1155741.34068335 6981748.09447004)'
418,302,302,303,303,'SRID=3857;LINESTRING(1059120.36753827 6667242.6638186,1045028.56513427 6735424.33801235)'
419,51,51,302,302,'SRID=3857;LINESTRING(1030749.89517631 6631978.88232535,1059120.36753827 6667242.6638186)'
420,246,246,304,304,'SRID=3857;LINESTRING(997278.878355396 6460594.37025851,1088053.46289584 6538354.50583287)'
421,31,31,304,304,'SRID=3857;LINESTRING(1084936.55051936 6606596.84385321,1088053.46289584 6538354.50583287)'
422,305,305,306,306,'SRID=3857;LINESTRING(1021630.15616118 6281279.3688189,1021613.60576834 6281545.69536458)'
423,307,307,306,306,'SRID=3857;LINESTRING(1018724.07096981 6299225.67539766,1021613.60576834 6281545.69536458)'
424,308,308,309,309,'SRID=3857;LINESTRING(1134103.94078679 6443023.53877824,1051626.18307853 6375616.671262)'
425,307,307,310,310,'SRID=3857;LINESTRING(1018724.07096981 6299225.67539766,1024959.13 6304886.49)'
453,335,335,308,308,'SRID=3857;LINESTRING(1206259.75842585 6433827.69679041,1134103.94078679 6443023.53877824)'
426,307,307,311,311,'SRID=3857;LINESTRING(1018724.07096981 6299225.67539766,1079204.21630529 6314420.03431733)'
427,312,312,311,311,'SRID=3857;LINESTRING(1126273.47275952 6257420.32787897,1079204.21630529 6314420.03431733)'
428,308,308,311,311,'SRID=3857;LINESTRING(1134103.94078679 6443023.53877824,1079204.21630529 6314420.03431733)'
429,307,307,261,261,'SRID=3857;LINESTRING(1018724.07096981 6299225.67539766,1006933.26706852 6258411.91697979)'
430,282,282,1481,1481,'SRID=3857;LINESTRING(1393522.11387716 6649125.21812295,1373395.63956272 6656209.37893267)'
431,282,282,280,280,'SRID=3857;LINESTRING(1393522.11387716 6649125.21812295,1489713.42799112 6684508.56124475)'
432,32,32,1481,1481,'SRID=3857;LINESTRING(1238190.51326237 6621100.75314217,1373395.63956272 6656209.37893267)'
433,13,13,314,314,'SRID=3857;LINESTRING(1265750.06686672 6155486.48990499,1209771.90642923 6197077.16637171)'
434,315,315,316,316,'SRID=3857;LINESTRING(1206800.08386185 6146546.46733642,1217471.0984323 6173879.51032826)'
435,314,314,315,315,'SRID=3857;LINESTRING(1209771.90642923 6197077.16637171,1206800.08386185 6146546.46733642)'
436,314,314,318,318,'SRID=3857;LINESTRING(1209771.90642923 6197077.16637171,1209348.41691465 6198313.68512653)'
437,314,314,316,316,'SRID=3857;LINESTRING(1209771.90642923 6197077.16637171,1217471.0984323 6173879.51032826)'
438,264,264,236,236,'SRID=3857;LINESTRING(1049224.49891096 6117582.01084166,1023778.25603808 6260105.99629844)'
439,264,264,216,216,'SRID=3857;LINESTRING(1049224.49891096 6117582.01084166,1023113.78066788 6260352.18673733)'
440,319,319,233,233,'SRID=3857;LINESTRING(1080268.7088709 6184561.7864464,1100450.51348339 6157591.88836078)'
441,320,320,319,319,'SRID=3857;LINESTRING(1046468.77770518 6218537.97530194,1080268.7088709 6184561.7864464)'
442,231,231,52,52,'SRID=3857;LINESTRING(885888.957332226 6039818.70929429,925436.796678455 6276396.02224595)'
443,279,279,323,323,'SRID=3857;LINESTRING(1426422.23549038 6596194.14673887,1388960.73177494 6577739.16583768)'
444,324,324,290,290,'SRID=3857;LINESTRING(1663836.45267973 6632371.99109052,1582877.26097841 6642673.41052688)'
445,279,279,326,326,'SRID=3857;LINESTRING(1426422.23549038 6596194.14673887,1540802.92019142 6619556.14963325)'
446,326,326,327,327,'SRID=3857;LINESTRING(1540802.92019142 6619556.14963325,1475601.6360971 6608952.34876602)'
447,279,279,327,327,'SRID=3857;LINESTRING(1426422.23549038 6596194.14673887,1475601.6360971 6608952.34876602)'
448,384,384,353,353,'SRID=3857;LINESTRING(1207050.35550133 6339363.62653428,1289232.27091082 6235062.5879977)'
449,330,330,329,329,'SRID=3857;LINESTRING(1360417.1718979 6204859.06445568,1447463.08776548 6150548.20615922)'
450,332,332,331,331,'SRID=3857;LINESTRING(1458667.14673555 6218502.9591149,1419041.03612456 6131636.53208024)'
451,334,334,78,78,'SRID=3857;LINESTRING(1246078.5835157 6474413.92034358,1296468.94491574 6539427.61427731)'
454,334,334,502,502,'SRID=3857;LINESTRING(1246078.5835157 6474413.92034358,1187160.84114966 6442819.57711468)'
455,334,334,335,335,'SRID=3857;LINESTRING(1246078.5835157 6474413.92034358,1206259.75842585 6433827.69679041)'
456,334,334,336,336,'SRID=3857;LINESTRING(1246078.5835157 6474413.92034358,1314761.3979881 6478161.82848726)'
457,66,66,336,336,'SRID=3857;LINESTRING(1348610.02021907 6382641.25988613,1314761.3979881 6478161.82848726)'
458,332,332,337,337,'SRID=3857;LINESTRING(1458667.14673555 6218502.9591149,1368882.84376721 6208423.5463894)'
459,338,338,66,66,'SRID=3857;LINESTRING(1344990.41985013 6325483.5975961,1348610.02021907 6382641.25988613)'
460,332,332,338,338,'SRID=3857;LINESTRING(1458667.14673555 6218502.9591149,1344990.41985013 6325483.5975961)'
461,68,68,70,70,'SRID=3857;LINESTRING(976543.886907151 6441890.05723446,933809.830336372 6443211.95744127)'
462,68,68,339,339,'SRID=3857;LINESTRING(976543.886907151 6441890.05723446,996719.238358196 6371698.90782614)'
464,326,326,290,290,'SRID=3857;LINESTRING(1540802.92019142 6619556.14963325,1582877.26097841 6642673.41052688)'
465,341,341,282,282,'SRID=3857;LINESTRING(1363532.84307958 6656371.7643459,1393522.11387716 6649125.21812295)'
466,341,341,342,342,'SRID=3857;LINESTRING(1363532.84307958 6656371.7643459,1194977.93290363 6699530.15846714)'
467,282,282,342,342,'SRID=3857;LINESTRING(1393522.11387716 6649125.21812295,1194977.93290363 6699530.15846714)'
468,343,343,294,294,'SRID=3857;LINESTRING(1225061.75 6534619.35999999,1223514.15424925 6546199.49617467)'
469,279,279,344,344,'SRID=3857;LINESTRING(1426422.23549038 6596194.14673887,1447441.68978718 6597609.42723155)'
470,281,281,345,345,'SRID=3857;LINESTRING(1340841.32766406 6582691.41062945,1362866.37633223 6545134.93086205)'
471,32,32,342,342,'SRID=3857;LINESTRING(1238190.51326237 6621100.75314217,1194977.93290363 6699530.15846714)'
473,72,72,32,32,'SRID=3857;LINESTRING(1324067.95512275 6693374.25238603,1238190.51326237 6621100.75314217)'
475,346,346,347,347,'SRID=3857;LINESTRING(1474875.3090262 6896826.84063443,1482276.45220217 6895065.58769051)'
476,348,348,47,47,'SRID=3857;LINESTRING(1488191.75994948 6891617.31624932,1497963.30113494 6894966.46508631)'
477,38,38,346,346,'SRID=3857;LINESTRING(1470700.53405497 6905799.05312594,1474875.3090262 6896826.84063443)'
478,349,349,330,330,'SRID=3857;LINESTRING(1312725.50798309 6247455.84923571,1360417.1718979 6204859.06445568)'
479,349,349,350,350,'SRID=3857;LINESTRING(1312725.50798309 6247455.84923571,1260910.77552307 6341892.60526348)'
480,338,338,350,350,'SRID=3857;LINESTRING(1344990.41985013 6325483.5975961,1260910.77552307 6341892.60526348)'
481,349,349,351,351,'SRID=3857;LINESTRING(1312725.50798309 6247455.84923571,1281034.71382145 6234425.90345877)'
482,338,338,336,336,'SRID=3857;LINESTRING(1344990.41985013 6325483.5975961,1314761.3979881 6478161.82848726)'
483,14,14,352,352,'SRID=3857;LINESTRING(1315043.07429432 6143744.95020879,1314416.6539036 6182958.84744411)'
484,352,352,353,353,'SRID=3857;LINESTRING(1314416.6539036 6182958.84744411,1289232.27091082 6235062.5879977)'
485,15,15,353,353,'SRID=3857;LINESTRING(1321157.12295583 6141328.69174797,1289232.27091082 6235062.5879977)'
486,354,354,15,15,'SRID=3857;LINESTRING(1295682.29867498 6136649.73641231,1321157.12295583 6141328.69174797)'
488,15,15,337,337,'SRID=3857;LINESTRING(1321157.12295583 6141328.69174797,1368882.84376721 6208423.5463894)'
489,232,232,227,227,'SRID=3857;LINESTRING(1122518.06345604 6151701.93838016,1122340.62580186 6151237.47962909)'
490,315,315,232,232,'SRID=3857;LINESTRING(1206800.08386185 6146546.46733642,1122518.06345604 6151701.93838016)'
491,235,235,322,322,'SRID=3857;LINESTRING(918600.148823572 6047133.24200569,862933.396278247 6122908.3301991)'
492,322,322,288,288,'SRID=3857;LINESTRING(862933.396278247 6122908.3301991,880618.365603731 6190660.25462292)'
493,355,355,100,100,'SRID=3857;LINESTRING(687722.297190093 6438151.51431174,720764.739059662 6432859.70187708)'
494,356,356,355,355,'SRID=3857;LINESTRING(691407.622670773 6439113.63275727,687722.297190093 6438151.51431174)'
495,235,235,362,362,'SRID=3857;LINESTRING(918600.148823572 6047133.24200569,896051.59924046 6032459.06400999)'
496,167,167,363,363,'SRID=3857;LINESTRING(837376.393230434 6715978.84927163,834903.060504853 6716511.42863739)'
497,125,125,364,364,'SRID=3857;LINESTRING(775417.327772857 6633564.13630515,776557.264225808 6627947.55731606)'
498,261,261,366,366,'SRID=3857;LINESTRING(1006933.26706852 6258411.91697979,953138.124865748 6297450.88488604)'
499,54,54,56,56,'SRID=3857;LINESTRING(939365.911880874 6317807.606619,959931.31223542 6335583.9625945)'
500,367,367,366,366,'SRID=3857;LINESTRING(939682.943564295 6317627.33176624,953138.124865748 6297450.88488604)'
501,231,231,368,368,'SRID=3857;LINESTRING(885888.957332226 6039818.70929429,884189.571111352 6049322.86156908)'
503,30,30,369,369,'SRID=3857;LINESTRING(1057734.39237905 7084041.92342586,1009535.73116587 7088505.67581817)'
504,61,61,369,369,'SRID=3857;LINESTRING(948317.588190205 7020568.27617918,1009535.73116587 7088505.67581817)'
505,256,256,370,370,'SRID=3857;LINESTRING(752021.428373435 6337000.44329061,750446.562378647 6335739.44068206)'
506,256,256,371,371,'SRID=3857;LINESTRING(752021.428373435 6337000.44329061,751373.180858924 6337052.87719653)'
507,256,256,372,372,'SRID=3857;LINESTRING(752021.428373435 6337000.44329061,753189.420746048 6336181.29005868)'
508,99,99,360,360,'SRID=3857;LINESTRING(778844.214994891 6338802.23619638,753990.052771336 6324395.69715251)'
509,356,356,100,100,'SRID=3857;LINESTRING(691407.622670773 6439113.63275727,720764.739059662 6432859.70187708)'
512,338,338,373,373,'SRID=3857;LINESTRING(1344990.41985013 6325483.5975961,1352576.52715449 6277025.39094757)'
514,57,57,375,375,'SRID=3857;LINESTRING(940153.494579454 6272501.18275884,940829.643841513 6276117.07101164)'
515,209,209,376,376,'SRID=3857;LINESTRING(995162.03 6873329.68,1001453.31629909 6869052.99883881)'
516,377,377,378,378,'SRID=3857;LINESTRING(1064528.63132399 6224361.42137666,1043165.9630916 6227336.9765328)'
517,378,378,379,379,'SRID=3857;LINESTRING(1043165.9630916 6227336.9765328,1043910.3044686 6243124.31503141)'
518,320,320,379,379,'SRID=3857;LINESTRING(1046468.77770518 6218537.97530194,1043910.3044686 6243124.31503141)'
519,380,380,299,299,'SRID=3857;LINESTRING(1093333.71713382 6877312.31954573,1122951.70947319 6857306.90055575)'
520,307,307,381,381,'SRID=3857;LINESTRING(1018724.07096981 6299225.67539766,1010360.79869071 6336747.01101435)'
521,382,382,308,308,'SRID=3857;LINESTRING(1131039.79120752 6444398.19193024,1134103.94078679 6443023.53877824)'
522,382,382,383,383,'SRID=3857;LINESTRING(1131039.79120752 6444398.19193024,1135068.25746459 6451121.58297057)'
523,384,384,382,382,'SRID=3857;LINESTRING(1207050.35550133 6339363.62653428,1131039.79120752 6444398.19193024)'
524,246,246,385,385,'SRID=3857;LINESTRING(997278.878355396 6460594.37025851,1011951.78806227 6441089.15464579)'
525,246,246,308,308,'SRID=3857;LINESTRING(997278.878355396 6460594.37025851,1134103.94078679 6443023.53877824)'
526,385,385,308,308,'SRID=3857;LINESTRING(1011951.78806227 6441089.15464579,1134103.94078679 6443023.53877824)'
529,254,254,225,225,'SRID=3857;LINESTRING(867464.605720198 6413530.64467136,860410.836022479 6357156.92951801)'
530,220,220,76,76,'SRID=3857;LINESTRING(963956.987900695 6800054.96229672,968726.528896454 6752594.28811044)'
531,220,220,386,386,'SRID=3857;LINESTRING(963956.987900695 6800054.96229672,981169.34921428 6797131.14450896)'
532,387,387,386,386,'SRID=3857;LINESTRING(994330.01261756 6835154.58319673,981169.34921428 6797131.14450896)'
533,220,220,387,387,'SRID=3857;LINESTRING(963956.987900695 6800054.96229672,994330.01261756 6835154.58319673)'
534,388,388,387,387,'SRID=3857;LINESTRING(997316.234638897 6850638.4132534,994330.01261756 6835154.58319673)'
535,389,389,385,385,'SRID=3857;LINESTRING(1068032.77679667 6411442.56812741,1011951.78806227 6441089.15464579)'
536,334,334,390,390,'SRID=3857;LINESTRING(1246078.5835157 6474413.92034358,1221498.07829716 6370165.28199806)'
537,384,384,503,503,'SRID=3857;LINESTRING(1207050.35550133 6339363.62653428,1236395.99909337 6442653.9520914)'
538,384,384,390,390,'SRID=3857;LINESTRING(1207050.35550133 6339363.62653428,1221498.07829716 6370165.28199806)'
539,391,391,385,385,'SRID=3857;LINESTRING(996826.430675644 6461185.60258242,1011951.78806227 6441089.15464579)'
540,384,384,389,389,'SRID=3857;LINESTRING(1207050.35550133 6339363.62653428,1068032.77679667 6411442.56812741)'
541,144,144,392,392,'SRID=3857;LINESTRING(799204.834856098 6705249.68964155,798822.877161148 6705838.7516851)'
542,16,16,49,49,'SRID=3857;LINESTRING(1197913.53946942 6866890.71225085,1224440.15623726 6836394.91172494)'
543,49,49,50,50,'SRID=3857;LINESTRING(1224440.15623726 6836394.91172494,1221980.01857516 6830819.34415133)'
544,37,37,49,49,'SRID=3857;LINESTRING(1295637.82513212 6848862.97123755,1224440.15623726 6836394.91172494)'
546,393,393,233,233,'SRID=3857;LINESTRING(1138981.13125921 6195445.31075384,1100450.51348339 6157591.88836078)'
547,394,394,312,312,'SRID=3857;LINESTRING(1137956.3502483 6230306.12211338,1126273.47275952 6257420.32787897)'
548,262,262,395,395,'SRID=3857;LINESTRING(1091077.63985802 6049237.42036395,1073713.79033934 6064469.42272421)'
549,396,396,230,230,'SRID=3857;LINESTRING(1157899.35793333 6192112.16002012,1156807.22085195 6193545.78825183)'
550,397,397,504,504,'SRID=3857;LINESTRING(980682.78600239 6481588.94551545,959421.254469653 6462267.23903745)'
551,397,397,246,246,'SRID=3857;LINESTRING(980682.78600239 6481588.94551545,997278.878355396 6460594.37025851)'
552,25,25,398,398,'SRID=3857;LINESTRING(1040254.03798862 7155367.04851819,1082685.02532314 7224849.00022357)'
553,81,81,74,74,'SRID=3857;LINESTRING(1606137.55939458 6780054.8775568,1547611.95307191 6777505.48102515)'
555,280,280,80,80,'SRID=3857;LINESTRING(1489713.42799112 6684508.56124475,1615035.32980171 6694803.16392564)'
557,81,81,280,280,'SRID=3857;LINESTRING(1606137.55939458 6780054.8775568,1489713.42799112 6684508.56124475)'
559,399,399,261,261,'SRID=3857;LINESTRING(1012686.20630298 6245688.49624234,1006933.26706852 6258411.91697979)'
561,220,220,400,400,'SRID=3857;LINESTRING(963956.987900695 6800054.96229672,960560.855916177 6798974.49892587)'
562,400,400,387,387,'SRID=3857;LINESTRING(960560.855916177 6798974.49892587,994330.01261756 6835154.58319673)'
563,401,401,24,24,'SRID=3857;LINESTRING(1119919.51087308 7236487.98928002,1082803.87999877 7225542.27493619)'
564,83,83,401,401,'SRID=3857;LINESTRING(1130592.19798883 7222515.52587547,1119919.51087308 7236487.98928002)'
565,22,22,402,402,'SRID=3857;LINESTRING(1024406.52654264 7150401.80525711,1051928.7334087 7163963.18160377)'
566,99,99,239,239,'SRID=3857;LINESTRING(778844.214994891 6338802.23619638,746095.002901598 6416713.19146051)'
567,362,362,231,231,'SRID=3857;LINESTRING(896051.59924046 6032459.06400999,885888.957332226 6039818.70929429)'
569,403,403,362,362,'SRID=3857;LINESTRING(919372.089569113 6046215.00355049,896051.59924046 6032459.06400999)'
570,189,189,362,362,'SRID=3857;LINESTRING(959200.83497216 6117834.22841594,896051.59924046 6032459.06400999)'
571,234,234,406,406,'SRID=3857;LINESTRING(1003369.28369563 6081165.57048009,986460.539956868 6074712.77539394)'
572,235,235,406,406,'SRID=3857;LINESTRING(918600.148823572 6047133.24200569,986460.539956868 6074712.77539394)'
573,235,235,403,403,'SRID=3857;LINESTRING(918600.148823572 6047133.24200569,919372.089569113 6046215.00355049)'
574,216,216,261,261,'SRID=3857;LINESTRING(1023113.78066788 6260352.18673733,1006933.26706852 6258411.91697979)'
575,409,409,261,261,'SRID=3857;LINESTRING(1025881.48869862 6249837.75926885,1006933.26706852 6258411.91697979)'
576,410,410,230,230,'SRID=3857;LINESTRING(1157865.3148906 6192898.55641437,1156807.22085195 6193545.78825183)'
577,220,220,411,411,'SRID=3857;LINESTRING(963956.987900695 6800054.96229672,972662.143189446 6746092.7280359)'
578,23,23,412,412,'SRID=3857;LINESTRING(1111918.81420444 7126015.76118106,1184602.77678235 7154861.51352583)'
579,384,384,350,350,'SRID=3857;LINESTRING(1207050.35550133 6339363.62653428,1260910.77552307 6341892.60526348)'
580,307,307,312,312,'SRID=3857;LINESTRING(1018724.07096981 6299225.67539766,1126273.47275952 6257420.32787897)'
581,409,409,320,320,'SRID=3857;LINESTRING(1025881.48869862 6249837.75926885,1046468.77770518 6218537.97530194)'
582,413,413,56,56,'SRID=3857;LINESTRING(965553.799504189 6324287.34612708,959931.31223542 6335583.9625945)'
585,27,27,414,414,'SRID=3857;LINESTRING(1060831.67709016 7098323.23095246,1056187.65326061 7101622.96929925)'
586,30,30,27,27,'SRID=3857;LINESTRING(1057734.39237905 7084041.92342586,1060831.67709016 7098323.23095246)'
587,27,27,415,415,'SRID=3857;LINESTRING(1060831.67709016 7098323.23095246,1056590.15463034 7105668.29272913)'
588,415,415,414,414,'SRID=3857;LINESTRING(1056590.15463034 7105668.29272913,1056187.65326061 7101622.96929925)'
589,418,418,417,417,'SRID=3857;LINESTRING(1526267.04520751 6193687.6771369,1496451.68543092 6179454.76462178)'
591,6,6,299,299,'SRID=3857;LINESTRING(1104083.2613786 6869127.46138821,1122951.70947319 6857306.90055575)'
592,221,221,419,no equal node id,'SRID=3857;LINESTRING(813897.129302683 7006295.30275364,670703.140000001 7237492.26)'
593,221,221,420,no equal node id,'SRID=3857;LINESTRING(813897.129302683 7006295.30275364,670703.6 7237665)'
594,264,264,403,403,'SRID=3857;LINESTRING(1049224.49891096 6117582.01084166,919372.089569113 6046215.00355049)'
595,428,no equal node id,81,81,'SRID=3857;LINESTRING(1609666.55577823 6770035.25541545,1606137.55939458 6780054.8775568)'
597,24,24,272,272,'SRID=3857;LINESTRING(1082803.87999877 7225542.27493619,1037296.75391287 7306950.98295689)'
598,224,224,229,229,'SRID=3857;LINESTRING(929777.562530262 6346647.50581194,946417.001345286 6350693.53976539)'
599,421,421,56,56,'SRID=3857;LINESTRING(1012098.47647314 6325000.71899608,959931.31223542 6335583.9625945)'
600,421,421,309,309,'SRID=3857;LINESTRING(1012098.47647314 6325000.71899608,1051626.18307853 6375616.671262)'
601,422,422,56,56,'SRID=3857;LINESTRING(964447.93451982 6336183.03602728,959931.31223542 6335583.9625945)'
602,286,286,303,303,'SRID=3857;LINESTRING(1065004.93032614 6679030.90865547,1045028.56513427 6735424.33801235)'
603,231,231,423,423,'SRID=3857;LINESTRING(885888.957332226 6039818.70929429,886016.266752802 6036993.43167096)'
604,424,424,52,52,'SRID=3857;LINESTRING(929420.469525383 6277076.36185007,925436.796678455 6276396.02224595)'
605,220,220,157,157,'SRID=3857;LINESTRING(963956.987900695 6800054.96229672,931101.778650493 6786958.61992996)'
606,297,297,425,425,'SRID=3857;LINESTRING(1154297.41937546 6830394.48495762,1159992.46501063 6830051.10986944)'
607,297,297,426,426,'SRID=3857;LINESTRING(1154297.41937546 6830394.48495762,1156439.43933238 6827540.589102)'
609,201,201,62,62,'SRID=3857;LINESTRING(1029820.42694527 7004192.91679913,981840.679369326 7002886.60731588)'
614,52,52,427,427,'SRID=3857;LINESTRING(925436.796678455 6276396.02224595,924648.933794503 6277037.95775857)'
615,60,60,160,160,'SRID=3857;LINESTRING(943400.074350683 7062683.76123891,943756.695000001 7062652.8)'
617,159,159,161,161,'SRID=3857;LINESTRING(896576.908927261 7044703.03862488,896437.777514289 7044997.24820776)'
623,52,52,367,367,'SRID=3857;LINESTRING(925436.796678455 6276396.02224595,939682.943564295 6317627.33176624)'
629,28,28,27,27,'SRID=3857;LINESTRING(1088319.9928648 7111782.67818058,1060831.67709016 7098323.23095246)'
630,30,30,201,201,'SRID=3857;LINESTRING(1057734.39237905 7084041.92342586,1029820.42694527 7004192.91679913)'
632,1481,1481,1482,no equal node id,'SRID=3857;LINESTRING(1373395.63956272 6656209.37893267,1377345.63999999 6653456.73)'
633,1481,1481,1483,no equal node id,'SRID=3857;LINESTRING(1373395.63956272 6656209.37893267,1377529.73 6653457.86)'
640,1484,1484,231,231,'SRID=3857;LINESTRING(873067.849239502 6038229.77115713,885888.957332226 6039818.70929429)'
642,506,no equal node id,362,362,'SRID=3857;LINESTRING(910970.643961372 6040393.55456325,896051.59924046 6032459.06400999)'
643,506,no equal node id,507,no equal node id,'SRID=3857;LINESTRING(910970.643961372 6040393.55456325,910989.689389997 6040783.75050181)'
647,184,184,173,173,'SRID=3857;LINESTRING(736643.500620426 6705891.11748958,737251.537575814 6667185.35021501)'
648,44,44,435,435,'SRID=3857;LINESTRING(1503495.29432139 6886256.30871833,1503407.23 6886431.06)'
649,46,46,435,435,'SRID=3857;LINESTRING(1505510.32827441 6897564.72921428,1503407.23 6886431.06)'
650,45,45,435,435,'SRID=3857;LINESTRING(1481189.68590011 6841961.82416014,1503407.23 6886431.06)'
651,288,288,439,439,'SRID=3857;LINESTRING(880618.365603731 6190660.25462292,918358.019999999 6249308.58999999)'
652,52,52,439,439,'SRID=3857;LINESTRING(925436.796678455 6276396.02224595,918358.019999999 6249308.58999999)'
653,438,438,439,439,'SRID=3857;LINESTRING(918244.320100031 6248824.64680991,918358.019999999 6249308.58999999)'
654,23,23,440,440,'SRID=3857;LINESTRING(1111918.81420444 7126015.76118106,1053046.48 7144565.6)'
655,402,402,440,440,'SRID=3857;LINESTRING(1051928.7334087 7163963.18160377,1053046.48 7144565.6)'
656,26,26,440,440,'SRID=3857;LINESTRING(1040169.52385698 7142134.55359261,1053046.48 7144565.6)'
657,32,32,442,442,'SRID=3857;LINESTRING(1238190.51326237 6621100.75314217,1272371.38 6605644.55)'
658,441,441,442,442,'SRID=3857;LINESTRING(1276878.43535766 6608989.79093273,1272371.38 6605644.55)'
659,78,78,442,442,'SRID=3857;LINESTRING(1296468.94491574 6539427.61427731,1272371.38 6605644.55)'
660,86,86,444,444,'SRID=3857;LINESTRING(813550.425500548 6886798.63958507,807624.889999998 6987940.76)'
661,443,443,444,444,'SRID=3857;LINESTRING(807584.709999999 6987932.975,807624.889999998 6987940.76)'
662,221,221,444,444,'SRID=3857;LINESTRING(813897.129302683 7006295.30275364,807624.889999998 6987940.76)'
663,207,207,445,445,'SRID=3857;LINESTRING(846820.297152514 6781812.59465969,820631.3 6835952.60999999)'
664,95,95,445,445,'SRID=3857;LINESTRING(878263.664996046 6850438.59987215,820631.3 6835952.60999999)'
665,86,86,445,445,'SRID=3857;LINESTRING(813550.425500548 6886798.63958507,820631.3 6835952.60999999)'
666,181,181,447,447,'SRID=3857;LINESTRING(1562223.93610619 7077497.99914936,1491510.96 7131112.58)'
667,446,446,447,447,'SRID=3857;LINESTRING(1491662.12237422 7131322.88456318,1491510.96 7131112.58)'
668,42,42,447,447,'SRID=3857;LINESTRING(1356648.9481359 7135343.23805745,1491510.96 7131112.58)'
669,135,135,448,448,'SRID=3857;LINESTRING(859233.654516491 6716338.44829307,826518.86 6702936.82999999)'
670,109,109,448,448,'SRID=3857;LINESTRING(814099.793650806 6700677.60023477,826518.86 6702936.82999999)'
671,112,112,448,448,'SRID=3857;LINESTRING(818544.670400209 6723786.98835946,826518.86 6702936.82999999)'
672,113,113,449,449,'SRID=3857;LINESTRING(792955.323646165 6714800.40292274,792968.859999999 6700808.52)'
673,107,107,449,449,'SRID=3857;LINESTRING(793215.151936644 6701100.18616622,792968.859999999 6700808.52)'
674,132,132,449,449,'SRID=3857;LINESTRING(780213.728344072 6652175.4805311,792968.859999999 6700808.52)'
675,112,112,451,451,'SRID=3857;LINESTRING(818544.670400209 6723786.98835946,825610.21 6703209.12)'
676,450,450,451,451,'SRID=3857;LINESTRING(825624.154964414 6702542.67417068,825610.21 6703209.12)'
677,109,109,451,451,'SRID=3857;LINESTRING(814099.793650806 6700677.60023477,825610.21 6703209.12)'
678,452,452,453,453,'SRID=3857;LINESTRING(727111.088540258 6514101.89510778,727254.310000001 6514484.54)'
679,100,100,453,453,'SRID=3857;LINESTRING(720764.739059662 6432859.70187708,727254.310000001 6514484.54)'
680,119,119,453,453,'SRID=3857;LINESTRING(718740.138688264 6598566.39602202,727254.310000001 6514484.54)'
681,124,124,454,454,'SRID=3857;LINESTRING(736089.264547628 6627650.77657821,735687.39 6627430.29000001)'
682,125,125,454,454,'SRID=3857;LINESTRING(775417.327772857 6633564.13630515,735687.39 6627430.29000001)'
683,131,131,454,454,'SRID=3857;LINESTRING(757094.251029236 6642998.15971084,735687.39 6627430.29000001)'
687,144,144,457,457,'SRID=3857;LINESTRING(799204.834856098 6705249.68964155,794751.570000001 6721104.35999999)'
688,140,140,457,457,'SRID=3857;LINESTRING(808634.113709598 6723386.20644222,794751.570000001 6721104.35999999)'
689,87,87,457,457,'SRID=3857;LINESTRING(785953.983759508 6745433.35639174,794751.570000001 6721104.35999999)'
690,165,165,458,458,'SRID=3857;LINESTRING(858073.599183458 6741796.25784715,825930.930000002 6702624.48)'
691,141,141,458,458,'SRID=3857;LINESTRING(810288.709812124 6705263.89001229,825930.930000002 6702624.48)'
692,450,450,458,458,'SRID=3857;LINESTRING(825624.154964414 6702542.67417068,825930.930000002 6702624.48)'
693,106,106,460,460,'SRID=3857;LINESTRING(797850.683625194 6690555.68949522,799185.189999999 6696251.52999999)'
694,144,144,460,460,'SRID=3857;LINESTRING(799204.834856098 6705249.68964155,799185.189999999 6696251.52999999)'
695,459,459,460,460,'SRID=3857;LINESTRING(801052.756307353 6694422.09139596,799185.189999999 6696251.52999999)'
696,199,199,462,462,'SRID=3857;LINESTRING(828781.326218053 6731437.15738142,817498.439999999 6730469.93)'
697,140,140,462,462,'SRID=3857;LINESTRING(808634.113709598 6723386.20644222,817498.439999999 6730469.93)'
698,461,461,462,462,'SRID=3857;LINESTRING(815335.076518334 6731954.84997343,817498.439999999 6730469.93)'
700,165,165,462,462,'SRID=3857;LINESTRING(858073.599183458 6741796.25784715,817498.439999999 6730469.93)'
702,184,184,463,463,'SRID=3857;LINESTRING(736643.500620426 6705891.11748958,726106.480000001 6678538.92)'
703,153,153,463,463,'SRID=3857;LINESTRING(704653.073824502 6664375.87170608,726106.480000001 6678538.92)'
704,176,176,463,463,'SRID=3857;LINESTRING(728297.576022857 6674434.13433423,726106.480000001 6678538.92)'
705,117,117,465,465,'SRID=3857;LINESTRING(776183.775582748 6585233.44292637,771343.069999999 6593772.34999999)'
706,464,464,465,465,'SRID=3857;LINESTRING(775151.621182357 6591940.8227373,771343.069999999 6593772.34999999)'
707,134,134,465,465,'SRID=3857;LINESTRING(757483.528821606 6615326.11018264,771343.069999999 6593772.34999999)'
708,150,150,467,467,'SRID=3857;LINESTRING(784511.259043296 6604599.81577228,789740.32 6590743.09)'
709,149,149,467,467,'SRID=3857;LINESTRING(800739.555670952 6585698.76129349,789740.32 6590743.09)'
710,466,466,467,467,'SRID=3857;LINESTRING(789903.823603423 6590726.27684476,789740.32 6590743.09)'
711,105,105,469,469,'SRID=3857;LINESTRING(743701.13911348 6736423.28845178,740348.919999999 6719827.91000001)'
712,468,468,469,469,'SRID=3857;LINESTRING(732180.639756215 6720309.33461515,740348.919999999 6719827.91000001)'
713,184,184,469,469,'SRID=3857;LINESTRING(736643.500620426 6705891.11748958,740348.919999999 6719827.91000001)'
714,110,110,470,470,'SRID=3857;LINESTRING(889764.146430726 6743136.56132211,871185.280000001 6755060.02000001)'
715,90,90,470,470,'SRID=3857;LINESTRING(839985.457988267 6794761.5124726,871185.280000001 6755060.02000001)'
716,165,165,470,470,'SRID=3857;LINESTRING(858073.599183458 6741796.25784715,871185.280000001 6755060.02000001)'
717,464,464,471,471,'SRID=3857;LINESTRING(775151.621182357 6591940.8227373,771330.420000002 6593713.12)'
718,134,134,471,471,'SRID=3857;LINESTRING(757483.528821606 6615326.11018264,771330.420000002 6593713.12)'
719,117,117,471,471,'SRID=3857;LINESTRING(776183.775582748 6585233.44292637,771330.420000002 6593713.12)'
720,472,472,473,473,'SRID=3857;LINESTRING(889883.46490035 6768201.8281554,872079.210000001 6755954.22999999)'
721,110,110,473,473,'SRID=3857;LINESTRING(889764.146430726 6743136.56132211,872079.210000001 6755954.22999999)'
722,165,165,473,473,'SRID=3857;LINESTRING(858073.599183458 6741796.25784715,872079.210000001 6755954.22999999)'
723,474,474,475,475,'SRID=3857;LINESTRING(1018036.43366461 6955898.48536675,1017231.72 6954752.03)'
724,201,201,475,475,'SRID=3857;LINESTRING(1029820.42694527 7004192.91679913,1017231.72 6954752.03)'
725,2,2,475,475,'SRID=3857;LINESTRING(1014477.90947519 6899064.84850782,1017231.72 6954752.03)'
726,265,265,477,477,'SRID=3857;LINESTRING(902239.980451186 6848049.07132688,927810.970000001 6812886.45)'
727,476,476,477,477,'SRID=3857;LINESTRING(926054.520492077 6812074.69411868,927810.970000001 6812886.45)'
728,157,157,477,477,'SRID=3857;LINESTRING(931101.778650493 6786958.61992996,927810.970000001 6812886.45)'
729,136,136,478,478,'SRID=3857;LINESTRING(882849.291589706 6741209.0474158,888538.64 6741869.74999999)'
730,110,110,478,478,'SRID=3857;LINESTRING(889764.146430726 6743136.56132211,888538.64 6741869.74999999)'
731,253,253,478,478,'SRID=3857;LINESTRING(888465.519760284 6741308.73815237,888538.64 6741869.74999999)'
732,226,226,480,480,'SRID=3857;LINESTRING(1090634.47056991 6800277.20385817,1096765.96 6781841.58)'
733,479,479,480,480,'SRID=3857;LINESTRING(1104715.69122736 6781624.46289523,1096765.96 6781841.58)'
734,259,259,480,480,'SRID=3857;LINESTRING(1096652.12060928 6736931.5503471,1096765.96 6781841.58)'
737,6,6,480,480,'SRID=3857;LINESTRING(1104083.2613786 6869127.46138821,1096765.96 6781841.58)'
738,301,301,481,481,'SRID=3857;LINESTRING(1139451.07676937 6853361.62975101,1047926.21 6805096.23999999)'
739,3,3,481,481,'SRID=3857;LINESTRING(1045261.64884734 6804884.59563129,1047926.21 6805096.23999999)'
740,210,210,481,481,'SRID=3857;LINESTRING(1047463.01592233 6806332.73304346,1047926.21 6805096.23999999)'
741,299,299,482,482,'SRID=3857;LINESTRING(1122951.70947319 6857306.90055575,1152737.26 6831976.97999999)'
742,298,298,482,482,'SRID=3857;LINESTRING(1159897.96185847 6843084.91208427,1152737.26 6831976.97999999)'
743,297,297,482,482,'SRID=3857;LINESTRING(1154297.41937546 6830394.48495762,1152737.26 6831976.97999999)'
744,284,284,518,518,'SRID=3857;LINESTRING(963655.381307445 6551846.82609581,1030444.59 6631768.54)'
745,51,51,518,518,'SRID=3857;LINESTRING(1030749.89517631 6631978.88232535,1030444.59 6631768.54)'
746,517,517,518,518,'SRID=3857;LINESTRING(963575.96238744 6551473.25190963,1030444.59 6631768.54)'
747,315,315,484,484,'SRID=3857;LINESTRING(1206800.08386185 6146546.46733642,1191535.14 6078025.07)'
748,483,483,484,484,'SRID=3857;LINESTRING(1191422.67735479 6078032.34145261,1191535.14 6078025.07)'
749,247,247,484,484,'SRID=3857;LINESTRING(1153646.66552885 6063433.28208755,1191535.14 6078025.07)'
750,485,485,487,487,'SRID=3857;LINESTRING(1134894.80631468 6102021.13291918,1184640.05 6111156.31)'
751,315,315,487,487,'SRID=3857;LINESTRING(1206800.08386185 6146546.46733642,1184640.05 6111156.31)'
752,486,486,487,487,'SRID=3857;LINESTRING(1184582.85861443 6111422.56416909,1184640.05 6111156.31)'
753,519,519,521,521,'SRID=3857;LINESTRING(1423691.48299278 6555587.5531949,1427780.68 6560816.48)'
754,279,279,521,521,'SRID=3857;LINESTRING(1426422.23549038 6596194.14673887,1427780.68 6560816.48)'
755,520,520,521,521,'SRID=3857;LINESTRING(1433933.62903832 6536585.37368716,1427780.68 6560816.48)'
756,522,522,523,523,'SRID=3857;LINESTRING(1625762.90267492 6831737.94073282,1615379.57999999 6829398.55)'
757,81,81,523,523,'SRID=3857;LINESTRING(1606137.55939458 6780054.8775568,1615379.57999999 6829398.55)'
758,12,12,523,523,'SRID=3857;LINESTRING(1526153.4554614 6898322.07842467,1615379.57999999 6829398.55)'
762,421,421,488,488,'SRID=3857;LINESTRING(1012098.47647314 6325000.71899608,965151.039999999 6327490.34)'
763,56,56,488,488,'SRID=3857;LINESTRING(959931.31223542 6335583.9625945,965151.039999999 6327490.34)'
764,413,413,488,488,'SRID=3857;LINESTRING(965553.799504189 6324287.34612708,965151.039999999 6327490.34)'
765,489,489,490,490,'SRID=3857;LINESTRING(1027266.14215865 6766285.40334053,1027687.08 6765865.09999999)'
766,3,3,490,490,'SRID=3857;LINESTRING(1045261.64884734 6804884.59563129,1027687.08 6765865.09999999)'
767,303,303,490,490,'SRID=3857;LINESTRING(1045028.56513427 6735424.33801235,1027687.08 6765865.09999999)'
768,233,233,491,491,'SRID=3857;LINESTRING(1100450.51348339 6157591.88836078,1139261.81 6195305.76)'
769,394,394,491,491,'SRID=3857;LINESTRING(1137956.3502483 6230306.12211338,1139261.81 6195305.76)'
770,393,393,491,491,'SRID=3857;LINESTRING(1138981.13125921 6195445.31075384,1139261.81 6195305.76)'
771,391,391,494,494,'SRID=3857;LINESTRING(996826.430675644 6461185.60258242,973295.320000001 6474437.52999999)'
772,492,492,494,494,'SRID=3857;LINESTRING(972390.869165913 6473890.79659068,973295.320000001 6474437.52999999)'
773,493,493,494,494,'SRID=3857;LINESTRING(987655.431020832 6468772.36689932,973295.320000001 6474437.52999999)'
