node,bet_cen
24578,0.0
16391,0.0
16392,0.0
16393,0.012703105673717864
16397,0.0
57358,0.003239917154373029
57359,0.008060827159365328
24597,0.16938378391535155
16409,0.237751328279697
24604,0.020013164848827404
16419,0.0
16424,0.011984359801588093
24583,0.039370100963224464
16429,0.0009588554294254597
16436,0.09146679639297937
16440,0.10043360195187093
16441,0.0021633302629512695
16445,0.0
49215,0.0010822510822510823
16452,0.008952432578006146
24647,0.005005134323913793
24650,0.034316235871363475
24653,0.036599585701895025
16467,0.0
24660,0.15429599377190667
57435,0.025090657438526422
24669,0.005311798637848605
16479,0.0
16480,0.0
53264,0.024449919177856376
16500,0.0
16502,0.0469762693061797
16512,0.032733633216761225
16517,0.0
16523,0.005954766101792854
16527,0.006415513655052537
16529,0.0
16531,0.0
24601,0.009667015893328832
16537,0.03982423324588841
16539,0.0
16543,0.08505362310253617
16544,0.00216333026295127
16548,0.12768158429271473
16552,0.0
77852,0.003243237542100563
16565,0.06353777162327755
16566,0.0
16569,0.041486411436607
195,0.02919705100461482
16587,0.0
16588,0.00216333026295127
24781,0.0
16593,0.0017447270289717494
57561,0.0010825440576388058
16606,0.014776849157408586
24799,0.005513678211682701
8416,9.961163182603355e-06
16609,0.13058709482726355
16610,0.004321972919698961
16624,0.0
16626,0.0010822510822510823
24821,0.0
57592,0.001080786205312464
57593,0.002161572410624928
16663,0.0
53296,0.05224207557888352
16689,0.0032048786931221764
16692,0.21169007304169762
51934,0.002602772290894157
24892,0.007551147643188791
57687,0.02150685540013805
57688,0.021923153894400776
57689,0.021698995169971366
57692,0.017265593944474855
57693,0.01709180094447723
24926,0.0
24927,0.025875747770372104
16740,0.01606079724290007
16447,0.015770030748136436
24957,0.20394053610144636
24958,0.00216333026295127
65919,0.001661287638548061
65920,0.0019642632528393223
16774,0.007774590205559344
57736,0.0009307242117204215
57737,0.006145153177019504
57738,0.0026751192019194227
16779,0.08224285368496051
16787,0.0
24984,0.13829421666191646
24985,0.0
16800,0.09612425373399625
16801,0.001629167305166996
20550,0.0
57772,0.09955641632029409
57773,0.09953268627974134
57774,0.1000143838561484
57775,0.10031185153315045
16835,0.01981038909394145
25036,0.0
57808,0.002315593059753506
57809,0.07687624461060176
16852,0.007543187548408276
54941,0.001076098599108886
66008,0.031213843041950178
57820,0.0008644824765561099
20407,0.014680149840448449
57822,5.859507754472562e-07
16867,0.008634570626990768
57830,0.020137841084804688
57834,0.07670433781405271
57835,0.07657191293880156
66033,0.0027464684746763787
57842,0.003836304364187418
57843,0.042097883800542815
57844,0.004705034983865534
57845,0.03590081631489886
16887,0.1314721049591289
57848,0.0032518593892249944
57850,0.0006931874405190214
25083,0.00702126670304079
25084,0.004225500236456877
57854,0.001401456835461773
8706,0.0010822510822510823
57860,0.10648092622336561
16903,0.010083439821642856
33289,0.0
66063,0.003819930295295753
16916,0.0
25111,0.00455495717890335
16924,0.0
16927,0.0
57889,0.00021229624398856354
57890,0.0070719403575773025
16475,0.001082251082251082
57892,0.005748765848154832
57894,0.006270555013690613
57897,0.07805813578807098
57899,0.07759517677795105
57900,0.07745971472451393
16941,0.10605190790046404
16946,0.0
57914,0.03893626015054953
57915,0.039132054207044374
57917,0.03897941403004034
57918,0.07999457056444043
57919,0.04172399583622775
57920,0.021362236849574796
57935,0.09686831356035143
57937,0.003372181590721308
16978,0.0
16979,0.0
49748,0.01324814607144023
16993,0.0
16996,0.0
17008,0.0012416492248652521
57970,0.03231062740595522
17015,0.0022035832210633016
25221,0.0
17039,0.0019525833007154386
17040,0.0008506052090242668
17056,0.0
58030,0.001082251082251082
58032,0.005399536395746467
58041,0.0010822510822510823
58044,0.09973498299472265
58045,0.10063148768115693
58047,0.10165475305201291
54580,1.0742430883199695e-06
17097,0.07101876582694813
17103,0.0004140523496235462
17122,0.0
17123,0.035228664360364884
25324,0.0
17137,0.003243237542100563
58101,0.0010822510822510823
17150,0.003243237542100563
128,0.008625195414583611
17154,0.0005408325657378175
17163,0.0009996131887809515
58126,0.006251101447945762
58128,0.0035558060076584267
17169,0.0041378085909758895
58131,0.0059501403882253005
17175,0.013428562313358823
58137,0.0006248927849592939
58138,0.0
17180,0.03243817540360179
17190,0.23781564736916405
17191,0.0
58153,0.004203391829078312
17194,0.0029978413573432524
17196,0.0
58158,0.034316235871363475
58164,0.16656658991161585
17207,3.5157046526835374e-06
58169,0.0005909955325996746
58170,0.008981166091151143
58171,0.004889739689414909
17214,0.0010822510822510823
58175,0.020594941084731533
77225,0.013664943871614687
17220,0.007202662601502802
58181,0.01027276761962339
58184,0.009207509109860294
58185,0.008168911360380083
58187,0.007166740217440186
58188,0.005186617230278832
17229,0.00483678276044275
58190,0.16664141582564043
33615,0.014197434581981291
53391,0.10216976169693828
17248,0.0
17250,0.0
17259,0.0
61586,0.0
20627,0.028249146966804757
17271,0.014642511918779882
17280,0.0
66441,0.02805456406516453
58250,0.003080041880413138
17295,0.0005555985252790883
17320,0.0024179454065755635
58281,0.03914954678403091
58282,0.02323830738876376
58283,0.040998289841490905
58284,0.009708711173925026
58290,0.011297325587873913
58291,0.02219277588844071
58292,0.0058291596896670435
17333,0.1041178192254738
58294,0.0026334678676314
58295,0.0015689962060524345
58304,0.031515681457189235
58309,0.0010822510822510823
58310,0.034643877330377076
58311,0.03174322567498793
58321,0.01938830136140688
58323,0.018653050328375657
58325,0.01932574414052341
58327,0.13913629341738448
58328,0.1399233090160639
58329,0.003243237542100563
58330,0.008585350761853197
58333,0.007513060842784719
58336,0.006441649849879411
66531,0.028478460387815617
58340,0.011802220519058635
58346,0.010734618206193734
58347,0.005371703733912721
58351,0.008605273088218405
58353,1.1133064733497867e-05
58355,0.0032555425083849554
58366,0.0010822510822510823
58367,0.00216333026295127
9216,0.0
58371,0.029632224021159097
58372,0.050621558377731204
58373,0.0010822510822510823
58375,0.10130738190063526
58377,0.029353536832363462
58378,0.03677013204093794
58382,0.07112014040865766
58387,0.06780618349088377
1045,0.003251360866025572
58390,0.1461600051719418
17460,0.0
17468,0.032564537706126134
74814,0.12439102382712931
74824,0.024521276738497546
58442,0.02870823963221317
58443,0.029411966513525338
58444,0.027471248716012735
58445,0.02802931800039496
58451,0.033985975072872744
74839,0.11431777565955045
17935,0.00996725939586949
58462,0.06628635269849213
74847,0.0
58469,0.032558990938297505
58470,0.03171922581861901
58471,0.03091066257773306
74863,0.004353516603110539
74864,0.0
58481,0.0010822510822510823
58482,0.027733209128216727
58483,0.027237305915746142
58503,0.0
74903,0.1275559890092762
74908,0.0
9375,0.0
54812,0.00216333026295127
74934,0.0
52085,0.02382707380234493
74956,0.01715273236659268
58578,0.027443486972499116
58579,0.02722962191506533
58580,0.02772865665882123
25814,0.0
74976,0.0006159375039412164
58625,0.0187953592973317
58626,0.019136470541258305
58627,0.1382125918587354
78038,0.0
17673,0.0010822510822510823
58635,0.02141538707108361
75024,0.011573245315926389
58649,0.0635502378915524
75044,0.009738362943323288
58667,0.008048850046491004
75056,0.03708303188998523
58674,0.0032444094436514578
1334,0.017175389129909974
17719,0.0
75078,0.0
75081,0.02248903367033911
25944,0.0
58715,0.0
75102,0.008625195414583611
17776,0.007019885606783279
17777,0.0
17780,0.0
17781,0.0010822510822510823
17782,0.0
17783,0.0
75130,0.16216428230970967
25984,0.0
9604,0.028288503209909582
17802,0.0
17814,0.0
54604,0.0014695268765575686
52422,0.004321972919698961
58794,0.01988039677383642
58795,0.00216333026295127
58796,0.0010822510822510823
17837,0.12805272518696936
75200,0.024960039679064572
17859,0.003243237542100563
64699,0.0
17881,0.002873212882687706
17893,0.013906780616793048
17904,0.00216333026295127
17929,0.09205377356556825
52141,0.019153013884818434
75300,0.10640524934860833
75312,0.0
67141,0.005634639378548419
53516,0.005325797745938516
18022,0.006447244942874934
18024,0.03779490992528199
18026,0.00216333026295127
26222,0.04366198717076613
34417,0.019524845419199063
18039,0.0
26237,0.0
18053,0.003243237542100563
53527,0.007047113483709508
53528,0.11388120665568796
59030,0.004396253341454018
18071,0.0
75416,0.03542252357442217
18073,0.004422847600974293
75420,0.0025193130305667974
75422,0.0
75428,0.0
75434,0.31900184732808573
75438,0.007070715441432439
75440,0.025866562136768658
75442,0.23876549310785652
75443,0.0
75444,0.0
75445,0.01852791089514016
75448,0.0
75449,0.007770837330354664
18107,0.00480057751308428
75452,0.000800397090977114
75453,0.02583714803141801
75454,0.04995274636751861
18112,0.0
75457,0.004321972919698961
75459,0.002374935224536895
75460,0.0
75462,0.053685554730466864
16673,0.1958649506550617
75471,0.027701546733110746
75473,0.1007200819095672
75474,0.09638394851279532
75475,0.039128362743174265
75476,0.07743727235510445
75477,0.0
75481,0.0
75482,0.0
75483,0.10780975771549414
75485,0.0010661374359262827
75486,0.0824071009458506
75488,0.0004033992064775573
75490,0.11410227448977475
75492,0.00216333026295127
75494,0.0
75495,0.003371432410801222
75496,0.0
75497,0.0
75498,0.03699411817908081
75504,0.0
75510,0.08488553196163287
75513,0.020116942456740453
75514,0.08432136041845945
75519,0.0180834016612814
75520,0.00506580512671471
42755,0.00216333026295127
66346,0.0010822510822510823
75535,0.043331536975670576
75536,0.03748858600864911
75537,0.003928314912343066
18194,0.0
75541,0.0015347515685902257
75546,0.009414518078181134
75549,0.0010822510822510823
75554,0.003488410972555144
75556,0.04607946195656012
75557,0.0010822510822510823
75558,0.0010822510822510823
75559,0.0729817009246964
59176,0.00216333026295127
59177,0.0010822510822510823
18220,0.0049265666956517
75567,0.0032426515913251156
75568,0.01137929946518068
75570,0.0
75571,0.0010822510822510823
75575,5.859507754472562e-07
75586,0.03781441206908697
75588,0.09086404765826331
75591,0.0
18251,0.015828488845785242
75600,0.015072411796829771
75603,0.016767086730400244
75604,0.0
75607,0.0
75613,0.003243237542100563
18274,0.0702289041816452
75619,0.0
75620,0.0
75624,0.0010822510822510823
75626,0.03541860950584454
75627,0.03268520853020856
75635,0.0
75636,0.0010822510822510823
75637,0.04496836154294419
75639,1.7578523263417687e-06
75640,0.003243237542100563
75641,0.005162224471529144
75643,0.049708938199362555
26501,0.0
26509,0.0
75666,0.05559409174659438
75667,0.13530686774142328
75668,0.01667264188661392
75417,0.0
75674,0.0
18338,0.008089929381212543
18340,0.022518154354046582
75685,0.0
75693,0.0
30365,0.01248526682579974
75697,0.001032025334948995
75706,0.0
18365,0.0
18369,0.0010822510822510823
75714,0.002043482656217197
75720,0.0021673342599168263
75724,0.0010822510822510823
75728,0.0
75731,0.017789173264751493
75734,0.0
75736,0.0003187376901507924
75742,0.0023253414669997512
75746,0.00021718265491952533
18403,0.0
75748,0.0
75751,0.0
18414,0.0010822510822510823
18417,0.0
75764,0.0
18427,0.0
75773,0.0005035953939581441
18433,0.0
75781,0.0
16727,0.003244995394426905
75790,0.0
18447,0.04317717800972527
75813,0.0
75814,0.001082251082251082
75816,0.0022527715368880403
75818,0.0
18476,0.08517765618276045
74078,0.003243237542100563
75834,5.175898516450762e-06
75844,0.1057961522322675
24932,0.0005978748737276079
75880,0.011840307319462706
75883,0.05596850487186846
18542,0.0032869004504738858
75903,0.0
51328,0.008102039030571785
75906,0.0039157737055872865
75914,0.0
18571,0.0010799072791492933
75922,0.0
75923,0.021445195061119027
75927,0.03321849953743318
75938,0.0
75939,0.0004065131163127915
18619,0.000791713900809732
75970,0.0
75974,0.01930121854323262
18632,0.003934931505702666
18634,0.1345658230561984
75996,0.0
18653,0.002337082339402701
35049,0.02836669806804773
18666,0.0010822510822510823
18677,0.0
24959,0.0
24960,0.019780202061619394
76065,0.0
29066,0.002398765284525978
76107,0.0
76123,0.0010822510822510823
76125,0.02311757831287455
76134,0.10448212993474541
18791,0.0
67993,0.04352692437800168
18845,0.0
2492,0.008347208740703965
2493,0.007281071304777682
18886,0.0026419474124246387
57761,0.0008390731397151075
76242,0.0010822510822510823
24089,0.0002471540370836526
76264,0.01971137355434613
75618,0.004555720310032311
76283,0.14705205962652299
9984,0.0
76290,0.0032285106459443214
16812,0.0
16813,0.0
18968,0.0
19005,0.0035854733720711413
51808,0.03943134184976382
51809,0.03926200207565955
51810,0.03912230164494666
51813,0.0010822510822510823
19046,0.0
51815,0.0010128517234635264
51816,0.009314205630626064
51817,0.00916957205243211
75538,0.007484536200987585
76403,0.039974768638307845
51829,0.0017514556970431377
51830,0.0014117019057463041
51836,0.0010822510822510823
51837,0.003669145629080662
51839,0.010481827415658318
51840,0.035161340161065896
51841,0.023425499959179818
2700,0.00014902681388875226
51856,0.026689895451013794
51857,0.022433780516793955
25027,0.048059663746400375
51862,0.004111321755764489
51867,0.003243237542100563
51870,0.051532176682736706
51871,0.051218966461567615
51872,0.009698071284427538
51873,0.008625195414583611
51874,0.007551147643188791
51875,0.006475927970243075
51876,0.005399536395746466
51877,0.004321972919698961
51885,0.0006013319833027467
51892,0.0022586644541165383
51897,0.003243237542100563
51902,0.03296700667436996
51904,0.03380140057860686
51905,0.035018420339210814
51907,0.015661486121129376
51916,0.0032535470204663503
16767,0.045167114944637606
76499,0.0
51931,0.0010822510822510823
51932,0.0029670133709502567
51933,0.013341472071230404
19166,0.0010822510822510823
51936,0.0027516644122020364
51937,0.0020645069167066956
51938,0.0004505487122085484
51939,0.00039457506682349935
51940,0.0018215061122478554
51944,0.007730696151019737
51946,0.00039457506682349935
51949,0.06836168950891736
51951,0.0010822510822510823
51952,0.00216333026295127
51954,0.007994067834349373
51955,0.0071392633114344016
51956,0.01204658291923356
51959,0.007048012639125639
51960,0.011100086865807351
51970,0.0022768093964628884
51988,0.014726727747639726
19224,0.0010822510822510823
51996,0.0031717096938691795
51997,0.002576216291507497
52000,0.0008692106680947806
52001,0.008034558554882849
27429,0.01678606025667161
52006,0.0001896332026272471
76593,0.0
16862,0.11592429651438102
52028,0.0010822510822510823
2878,0.00219699127483952
52033,0.001391900881471445
52036,0.004321972919698961
52037,0.003243237542100563
19273,0.013927422846677662
52042,0.006475927970243075
52045,0.007551147643188791
52046,0.008625195414583611
52057,0.0143017116296882
52059,0.005510161111909102
52064,0.009226187115217421
52067,0.0010822510822510823
52071,0.0010822510822510823
19317,0.0010822510822510823
52086,0.004321972919698961
52087,0.004507599335118867
52095,0.0069427864066766015
11150,0.0018632844025372444
52120,0.00629980308908581
52125,0.0
52127,0.013753561168084334
19360,0.0
52137,0.007128141954009107
52138,0.007036928949964487
52140,0.03963499043689145
66034,0.0012235042825189007
52142,0.026329552250930467
52150,0.06982264568847858
52152,0.042295257289473684
52163,0.004321972919698961
52171,0.008235686578066996
52172,0.0
60368,0.0
52188,0.00216333026295127
52189,0.0010822510822510823
52190,0.029095781322826406
52191,0.00027820942818235705
52199,0.003617867960624551
52201,0.0010822510822510823
52203,0.0017679399804854225
52204,0.0010822510822510823
52205,0.0035655792945606564
52213,0.001024554462562042
52214,0.029406117594953977
52215,0.027183852649837362
52218,0.0325175162125789
19456,0.0
52230,0.039016321286239844
52231,0.03904003834143653
52234,0.04843562215142309
52235,0.05074370178760233
52246,0.0018319750994358714
52247,0.0028014306574133552
52248,0.0038445206961718564
52249,0.034433536323929814
52250,0.0038217662743922267
52251,0.021483006255610247
52252,0.02873623927579508
52255,0.018240647639673084
52261,0.1141293924852442
52267,0.11353799287490182
19520,0.0039970254749046525
52296,0.00594007598609656
52300,0.03113019250705697
52301,0.0031346439081384888
52303,0.0
52305,0.03453303259568198
52306,0.015748899599598066
52307,0.01647348632851615
52308,0.0038767592683922373
52309,0.014929971574601538
52310,0.01560791662179401
52311,0.00216333026295127
52312,0.0010822510822510823
52314,0.12753636989048608
52319,0.00216333026295127
52320,0.0010822510822510823
52322,0.004551001313608629
52323,0.0034844732438320475
52324,0.0027055005171062094
52325,0.0024900171194354804
52326,0.003151164911065134
52327,0.0027459994815358713
52328,0.00285993760982159
52329,0.005789286986551479
52330,0.00478500642081992
52331,0.004093062033017334
52332,0.00499381974549677
52334,0.007842897966800244
52335,0.011840307319462706
52336,0.04687795327662384
52337,0.04681830441776392
52338,0.046814439932887746
52339,0.04181786366102423
52340,0.0
52341,0.010769775252720569
52347,0.004069506494771404
52350,0.01940523117993001
52351,0.010034683660257221
52352,0.018926294547771963
18283,0.004073646981064415
52359,0.003243237542100563
52360,0.006662375263089652
52361,0.0055115679401112365
52362,0.006419959056561759
19595,0.1231010981610427
19597,0.0010822510822510823
52367,0.0032444094436514578
52368,0.01495866348425388
52374,0.0010822510822510823
19612,0.0
52383,0.016519386417307963
52387,0.00014403646645119302
52388,0.006997079100490039
52389,0.006297466895734358
52391,0.0010822510822510823
52392,0.00528298296212569
33308,0.0
52394,0.13949352249299854
19630,0.021514040973554215
19639,0.002620507975869849
52408,0.042262639960534504
52409,0.04266016994706982
52411,0.007436767046945714
52413,0.029732364047381665
52415,0.0007622926613181082
52420,0.007786602196455846
19653,0.00702054767543001
19654,0.007992640011896996
53793,0.0
19665,0.008625195414583611
52435,0.06753256041369722
52440,0.040994322987586325
52443,0.0005449342211659483
52444,0.07543919196309182
52445,0.1534961174837881
52450,0.009698071284427538
52451,0.08444356172121092
52452,0.008625195414583611
52453,0.0837646400893927
52458,0.07450316690985992
52464,0.08863066738376996
52465,0.0883542158079139
75671,0.0
52469,0.08809672950548988
52473,0.08892309588410317
79743,0.0005123553580510808
52476,0.0010822510822510823
52477,0.004321972919698961
52479,0.006475927970243075
52480,0.005399536395746466
52482,0.00017344142953238783
19716,0.03654907466619066
52486,0.00216333026295127
52488,0.0010822510822510823
52495,0.052807054812500434
52503,0.0010822510822510823
52504,0.05751814645576499
52507,0.05219951219057638
52509,0.014535903429440881
52510,0.0012113816120313144
52512,0.002262759894915206
52514,0.00010939079514656625
52517,0.0012880858238194463
52518,0.0008535642604402757
52519,0.001116226461380766
52520,0.0020715215422849424
52521,0.0030360941771336997
52523,0.004006799763432139
52524,0.0022706071962851995
52525,0.00011158811055449347
52526,0.0010798584499180058
52532,0.013941820663408499
52533,0.0010822510822510823
77111,0.0
77116,0.0020518238303836563
52543,0.0242268238022625
52544,0.024698046469152145
52545,0.03784163252401956
52548,0.022146875358616366
52551,0.0118344933385987
52554,0.02730297940784903
52555,0.004702940549680436
52556,0.02958147996985926
52557,0.0044393472307464165
52560,0.0038204855534115364
52562,0.0036736853524694845
52563,0.0033152955362716393
52564,0.004139856628448164
52565,0.0037730737649524903
52566,0.05057331198745434
52567,0.0009481018375751189
52568,0.0891303984441574
52569,0.08829429691194648
52570,0.09206633596223618
52571,0.000722993500857218
52572,0.0032432375421005623
52573,0.0
52577,0.0
60770,0.003243237542100563
3427,0.07696923971736068
52580,0.01102795994648525
52581,0.05038767720130906
52582,0.050477550889295536
52583,0.0010822510822510823
52584,0.00216333026295127
52588,0.0504133334745483
52590,0.015953170414221413
77176,0.00216333026295127
52601,0.015661781171637197
52602,0.006348186709003486
52603,0.006290249198440096
52604,0.0028838784459868944
52605,0.0010822510822510823
52606,0.00216333026295127
52607,0.0033513733625883846
52608,0.008151133242432867
16960,0.06624765391559846
77187,0.00216333026295127
52614,0.0028838784459868944
53825,0.0037271156924649066
52617,0.0036553709995198313
52619,0.009032553940662167
52621,0.023151788914571085
52622,0.01735651498719094
52623,0.00863659970024983
19483,0.0
44433,0.0
52626,0.04710502222323797
52627,3.7793825016348026e-06
52629,0.019085595031923558
77207,0.0
19864,0.0
52633,0.06766595596113599
52634,0.008007530186748456
52635,0.010262639872827245
52636,0.027434080528005726
52637,0.010591217552268765
52638,0.009966317326664762
52645,0.00216333026295127
19881,0.0070435189547263174
52655,0.12996444107245742
52657,0.0010822037749698584
52661,0.0010822510822510823
52662,0.001732218501866023
52663,0.004332547809245734
52665,0.09166301735646773
52667,0.030235528921340217
19901,0.011079429564389376
52670,0.031149790706512297
52671,0.03302677383643472
52672,0.032318925768001903
52676,0.008372427411022815
77260,0.0
79778,0.00409020871485456
36306,0.0007140103174212315
36307,0.0006642728624320395
52692,0.0020067139913995816
52693,0.00454046280289609
36310,0.093404092012143
75684,0.004059271655373442
52699,0.013803584919390693
52701,0.0
52706,0.00216333026295127
77286,0.07745374779245065
52711,0.06336030666508706
52726,0.00216333026295127
52733,0.0015529551060141224
52734,0.006427761421380414
52741,0.00260631820125777
52743,0.00216333026295127
52744,0.0011018085845025288
52748,0.00918793347103723
52753,0.037976211930970956
52755,0.038370185700689174
52759,0.07533254892196044
52762,0.0010822510822510823
75695,0.0018349569378264558
77346,0.030269372313904298
52778,0.0012928613226393416
52779,0.028123528769082407
52780,0.0298056469576976
77360,0.003244409443651458
52788,0.011840307319462706
52799,0.09974323012993609
52800,0.10022223054741163
52801,0.1005590461425612
52802,0.10698824376409646
52803,0.04942466241650951
52808,0.03802081348090942
20043,0.013046007705383365
52813,0.0007239924074172704
52814,0.0026722138626578303
52816,0.010769775252720569
52817,0.009698071284427538
52818,0.007551147643188791
52819,0.002158642656747692
52820,0.003243237542100563
52821,0.00216333026295127
36438,0.0
52823,0.01310196746087015
69209,0.005725539875512799
36442,0.0
52842,0.04073194679862469
52843,0.040122686343281797
52853,0.011555670648590305
52861,0.012909667484653949
52863,0.001825487787279109
52864,0.0013801651979391944
52865,0.1319769017057006
77444,0.0
52870,0.018980828947101954
52876,0.0014256182366631745
52877,0.0016256618314008677
52891,0.006002870377531962
52897,0.005906872108821216
52898,0.004819640444978832
52899,0.002680041188433175
52900,5.068474207618766e-05
52901,0.0016674205899977423
52902,0.0027294563704958943
52903,0.0038008673634012014
52904,0.00487315728246968
52905,0.006067813255144063
52912,0.0010822510822510823
18376,0.03425229804100555
52919,0.005030394382819192
28344,0.003243237542100563
52931,0.00216333026295127
52943,0.0010822510822510823
3792,0.09562464001506933
20177,0.0
52947,0.006478857724120312
52949,0.0005009202496440488
52950,0.0808786003226908
52962,0.007551147643188791
52966,0.09550941698044033
52970,0.004429818555040921
52971,0.003993773519645589
52976,0.1358676555710614
52977,0.11233288744673202
61171,0.03057898490844561
78462,0.0250007624335684
52986,0.10174236920132702
52987,0.09413708528697062
52991,0.08467714972931122
18390,0.03764304962085778
20241,0.0028448886732589406
53013,0.004889868040537078
53014,0.005447048632909875
53016,0.04342022388081658
77599,0.0010822510822510823
53027,0.08179002722220649
53029,0.0010822510822510823
53032,0.00216333026295127
53034,0.0016178100910098745
53035,0.0026921508377924187
53037,0.013977855748294297
53054,0.04354830620976517
53056,0.0070026977173701585
53058,0.0
53067,0.01525282971863588
53071,0.006713570073071969
20306,1.1719015508945124e-06
53084,0.01504487211038375
20320,0.04718834847228375
53089,0.001476083247198569
53090,0.00216333026295127
53091,0.0010822510822510823
53092,0.003248361123583564
53094,0.0017828710293325068
20328,0.0
32061,0.0
53104,0.10047936800932578
53105,0.10069752857244728
53106,0.10095565262819002
53117,0.0067046440895926545
78485,0.07478128844542596
23873,0.005399536395746466
53129,0.08000283829370747
4224,0.00858732695059943
20364,0.0
28560,0.0010822510822510823
53138,0.09593201305041825
77715,0.0
53144,0.09702090490812416
53145,0.03803308824965566
53146,0.004248729072768054
53153,0.0010822510822510823
53154,0.00216333026295127
53157,0.1296016594156855
53159,0.002168017869154848
53163,0.0056018149741562245
53164,0.0005596806490147042
53165,0.005403052100399149
53166,1.2793258597265093e-05
53167,0.00160482151548746
77751,0.0004748928742470393
20409,0.00216333026295127
53180,0.006103938515571279
53181,0.006783133591084705
53183,0.0010822510822510823
28613,0.0218212951699687
53190,0.00216333026295127
20425,0.0021510252966668777
53196,0.00634015340972569
77775,0.020480423805665303
28636,0.005149452604785576
28637,0.009698071284427538
20450,0.04005170101252519
53220,0.036533372948008916
53221,0.03613547154549496
77801,0.0010822510822510823
20460,0.004324805015113624
19794,0.0010822510822510823
77809,0.009698071284427538
53234,0.0010822510822510823
53241,0.005490680848623548
53242,0.006252257812923044
53243,0.0457963432287503
53244,0.04670886390304688
53246,3.5645338839708084e-05
53247,0.008398332264465874
77840,0.0036181483799242343
28692,0.10654616968944404
53272,0.014616491742350475
53275,0.0016065598361212868
53276,0.0005284104092983358
53282,0.0010822510822510823
20522,0.0
77869,0.006034757807024522
20528,3.281324342504635e-05
77882,0.0010230493807758705
53311,0.10670659382037677
53312,0.0
53315,0.10627723305538204
53317,0.003243237542100563
53318,0.020097529193499844
53319,0.0010822510822510823
77898,0.1344791541290142
52578,0.011431816752616007
52579,0.011116633830502931
20564,0.0
20565,0.0
53339,0.001715963821501749
53340,0.0
53947,0.006475927970243075
53354,0.010769775252720569
20592,0.0
53364,0.003243237542100563
53372,0.00216333026295127
53373,0.0010822510822510823
20607,0.00903617811450099
53376,0.00216333026295127
53379,0.004321972919698961
20619,0.0
61583,0.006475927970243075
53394,0.013977855748294297
53395,0.0019415290603124137
53396,0.00290942208288871
20629,0.0
53407,9.481660131362348e-05
53408,0.0008355999862496968
53409,0.0017121872292419685
53410,0.0014008813480930165
53411,0.0013732928324157155
53412,0.036166465787859856
53413,0.03279176042344095
53435,0.0019196723988277858
53437,0.0029893255394067516
53441,0.00014424154922259956
53443,0.0004737412019490893
78021,0.0
78037,0.0
61654,0.042194942516717106
61655,0.043620052929375
78044,0.004597877608164561
28905,0.01635683961366546
53500,0.04988823965542941
53501,0.024432584800749387
53502,0.023625046973720507
53503,0.01313447726550082
61700,0.004548975830590813
61702,0.1672126983000089
61703,0.16681460334317008
75820,0.1428408194602886
53514,0.015434552860591194
53515,0.007981732640445452
20748,0.0
53520,0.00216333026295127
53525,0.0060061719311274575
53526,0.003902901622659535
20759,0.006475927970243075
20760,0.0
53533,0.07004022803195122
53535,0.07199964742504682
20780,0.0
53557,0.0
30774,0.1468840115305689
53582,0.008102996781065464
29007,0.0
53595,0.007792183567835906
53989,0.033222599373025685
19856,0.0
53608,0.0
53612,0.004524025488523911
53615,5.859507754472562e-07
53633,0.008844536321526035
53640,0.0032379639851215377
53641,0.06431980105988205
37258,0.0009851590387594718
53643,0.10399363114398046
53644,0.10351905007925323
53645,0.10337818751283567
53650,0.007886756530309772
53653,0.007081111297542308
53656,0.1401044717210455
53661,0.004247011678947636
79941,0.0026817990407595176
53664,0.002039770720818962
53669,0.13879426836927236
53671,0.007369947658465078
78264,0.019746226464518065
78265,0.019721518873486707
53691,0.0010822510822510823
77894,0.0016730066540570057
78275,0.0010822510822510823
53701,0.0
53705,0.008625195414583611
53706,0.007551147643188791
53707,0.00216333026295127
53718,0.051881715851983506
53724,0.0010804932299247403
53727,0.00216333026295127
53728,0.003243237542100563
53732,2.929753877236281e-06
53735,0.0037947344119515216
53742,0.018210885525643157
53743,0.017259106149391662
53744,0.01573796398512152
53745,0.015543620854356262
53746,0.0
53747,0.0010822510822510823
53751,0.013369645714106527
53752,0.013137463470554485
78332,0.003747350525910353
53764,0.0004020078059060192
22003,0.10175004927615845
53777,0.005240218705103853
53780,0.027431766171711138
53781,0.026722659704231946
53782,0.02533650664741609
53783,0.0004551193071186846
53784,0.0008854449192062213
78369,0.013953441132650988
53808,0.005874039333703653
53813,0.003235620182019749
53818,0.023652819180315497
21258,0.0
53824,0.0026577555272736648
21057,0.0
53828,0.01625253355856775
53833,0.044353239075783674
53834,0.006724825908444116
53852,0.06449414832092189
53853,0.0010822510822510823
53854,0.0637897182986792
53859,0.06361761572016464
53868,0.011318582329488049
53886,0.0010822510822510823
53887,0.00216333026295127
53888,0.005399536395746466
53889,0.004321972919698961
53899,0.01248691384528327
45717,0.0016191773094859183
53923,2.929753877236281e-07
53924,0.00034361130056852847
78509,0.00716568969140707
53934,0.004364759417354367
21175,0.08311169560861932
53946,0.005399536395746466
78523,0.0
53968,0.007212641266154527
53976,0.00216333026295127
53984,0.0010822510822510823
53987,0.03235334139764969
53988,0.032779483864939965
58150,0.16909301294329798
53990,0.0010822510822510823
19922,0.021262562464950726
53998,0.0001512032024832701
53999,0.0012976758848442652
54000,0.0006210380659293957
54001,0.0035683341932858438
54002,0.007376207853816383
54012,0.0010822510822510823
58154,0.003264796345274321
54015,0.0005390747134114757
54016,0.009698071284427538
54017,0.0010810791807001876
54018,0.0010810791807001876
54019,1.953169251490854e-07
54021,0.012921386500162894
54023,0.015052489470464564
54024,0.01611071657092231
54025,0.017175389129909974
54026,0.02918851420352938
54027,0.03012230210073282
29453,0.0005458131473291191
29454,0.0026962524932205496
54036,0.009698071284427538
54037,0.008625195414583611
54038,0.007551147643188791
78619,0.003488128693094272
54056,0.006665999240831016
54057,0.004626569664469044
54058,0.0015058934928993864
54077,0.020321139181281568
54080,0.1615783735212219
78666,0.003657874447378662
78675,0.0
54100,0.015004439362977044
54101,0.0
29542,0.0
29543,0.0010822510822510823
78706,0.03645438288998474
51347,0.007730594138088777
58174,0.011338026129386553
78710,0.0
78711,0.0
54137,0.010384967427275418
78717,3.774499578506075e-05
78720,0.0007085484191215488
78722,0.0017834262874482532
62346,0.002685881164495132
54179,0.037654369631791
54180,0.037582868290856636
54186,0.12852975608398634
54193,0.0011621357046370585
54194,0.005850153468878809
78777,0.03416933037294093
54206,0.0029388970345347503
54207,0.0034313189052534786
54213,0.004160107273263743
54214,0.0010822510822510823
54216,0.003946547747305732
54217,0.004713127615130863
78795,0.07998618951225446
21465,0.00216333026295127
78817,0.0
54242,3.5157046526835374e-06
29671,0.003243237542100563
62442,0.018776918077246314
62443,0.01672264301945206
54099,0.013977853604393452
54260,0.004763848283913458
54263,0.0
29689,2.9151051078500996e-05
54266,0.0011074469655953142
78850,0.008475002279627532
54280,0.032184161789603496
54281,2.197315407927211e-05
54283,0.001037035214079069
21516,0.0
54300,0.1387839472648996
66395,0.0014149539325500344
54316,0.003911440460090783
54318,0.006586448052338691
54321,0.00534227923913901
21556,0.003243237542100563
58208,0.025169675738077123
54338,0.00216333026295127
78916,0.010522527044976571
78918,0.0
54346,0.1276988019293094
21579,0.0
54350,0.0034463071540571733
78927,0.03174597333392333
54355,0.001211163508131565
54357,0.020694352785001664
54358,0.003243237542100563
54360,0.015796330495359525
54364,0.002636417153201116
75963,0.013990349055899388
54118,0.00245094094579747
78952,0.01003643718409314
54389,0.0010822510822510823
78968,0.018834861088150683
54393,0.00216333026295127
54394,0.003243237542100563
54403,0.00216333026295127
54411,0.0107248112625021
54412,0.013296593859808692
54413,0.0010822510822510823
54416,0.0010822510822510823
54421,0.20017061914086384
54423,0.20061926211793138
79009,0.002355393766175768
70821,0.000643666926828811
54445,0.1891713557476077
54446,0.003243237542100563
29874,0.01300283151404922
54452,0.12284930262633699
54453,0.04269556480035082
54454,0.042057302571865074
54464,0.0203623753975676
54465,0.01236256254490352
54466,0.0010822510822510823
54467,0.008655660070405575
54468,0.00649232980745426
54469,0.016931936545401476
54472,0.0
54483,0.03404789790643252
54484,0.016699283394387185
54485,0.03482096229617262
54488,0.0029513278328615147
54499,0.0932438767937253
46314,0.1942345577933683
62700,0.06605841784684315
54512,0.09361458180709412
54516,0.09367850113101035
79102,0.036221850924747986
54528,0.00216333026295127
54529,0.0010822510822510823
62724,0.0014356672924620945
54533,0.004321972919698961
54534,0.006475927970243075
54535,0.00216333026295127
54536,0.007551147643188791
79113,0.07750757713702171
54538,0.0010822510822510823
54540,0.01504487211038375
54541,0.018238889787346745
54543,0.01611071657092231
54547,0.012493811360213679
54548,0.001082251082251082
54549,0.011995315844360942
54551,0.011946759634004973
79128,0.00216333026295127
54553,0.012721749932185025
54556,0.03532573295964597
54560,0.003243237542100563
54561,0.004321972919698961
54563,0.010723645068263971
54564,0.01029970816027781
54565,0.0027999474500247164
54566,0.00216333026295127
54568,0.015125854053984943
54569,0.0
54574,0.011088736063027474
54575,0.0005403442734249447
54577,0.0004219333875533119
54578,0.0019933296665835924
54579,0.0009626682948285544
62772,0.011497939769171107
54584,0.09180465561010227
54586,0.002823615869868481
30013,0.0043032224948846495
54590,0.1389099397027495
54593,0.10157322879526053
54595,0.05262060675542695
54600,0.0006011399216596834
54603,0.001253274767274302
13644,0.07843454104322313
54605,0.00038017788423852305
54608,1.7578523263417687e-06
54611,0.007365812808035715
54612,0.0014891743641066875
54613,0.0007635343189136987
54614,0.007207796532667084
54615,0.006309115457638229
54616,0.00541030533392665
54617,2.0054862850129303e-05
54618,0.008784396147591312
54619,0.0069184519470697845
54620,0.0010822510822510823
54622,0.01878533841224326
54623,0.0010822510822510823
54637,0.0010822510822510823
54659,0.004321972919698961
54663,0.0001893597589320383
46472,0.0015735996399620826
55532,0.003243237542100563
79282,0.0
21949,0.006892686854400831
79297,0.014584543854367181
54724,0.018199602485413528
79305,0.01575128529697737
54734,0.005403052100399149
79317,0.005576528407953886
54746,0.001080717844388662
54761,0.0
54763,0.0
58280,0.02470859460620858
38386,0.0
20051,0.002163916213726717
62967,0.005399536395746466
62968,0.006475927970243075
62969,0.008625195414583611
79354,0.0035875045494892337
54779,0.007389106810468311
79356,0.009698071284427538
54781,0.011862135324632294
54784,0.012350310996943012
22024,0.0
54805,0.0010094271667092458
79387,0.00216333026295127
71196,0.005465416794599248
22047,0.002009651650961884
54816,0.03327107715116043
79400,0.034713102009536125
79401,0.033987694949532424
54845,0.024519942602837578
54846,0.002645362668372955
58293,0.004763901179903903
54866,0.01028104897594909
79444,0.0010822510822510823
54880,0.031258750198247115
54889,0.002950642324820535
54890,0.014475173795790193
54892,0.029530517683604048
54893,0.011889885033109565
54894,0.008629297070011742
54908,6.15248314219619e-06
79485,0.03561889942072145
54918,0.04627865989340185
79502,0.006175702139233757
54935,0.003003423236039834
79517,0.049230361139371195
54951,0.0
54953,0.005528191772945622
54956,0.0010822510822510823
79537,0.0
54962,0.055055805512102984
54963,0.05209628068507086
18197,0.00260172886729465
30399,0.1674396956304171
54976,0.029364289419250945
55019,0.005399536395746466
55024,0.009561274311676892
55026,0.0031469602492110024
55029,0.028795116367674
55030,0.011447869363214612
55048,0.002528003703655332
55049,0.00242443690409503
55050,0.002789572129814995
5919,0.03043211740276212
55088,0.0019227779379376562
55089,0.0007772441719382705
55095,0.0005408325657378175
55102,0.00216333026295127
33760,0.1665115788996476
55107,0.0
55120,0.07530903276417251
58339,0.012869822831923535
71509,0.03877914027856633
22360,0.003015034129679502
55132,0.10084293257282137
22375,0.0008853195371874307
55153,0.0009098897299489345
79732,0.013046956448901746
55160,0.020751899487826842
55161,0.10596398273132612
55164,0.017930384560172923
55165,0.0010822510822510823
55166,0.007101714313061816
55167,0.10266513467924207
55168,0.006175130820154527
55169,0.09782833424726795
79755,0.00216333026295127
14224,0.0013229596608048146
55200,0.004321972919698961
55201,0.007551147643188791
55202,0.008625195414583611
79779,0.005116501498050375
79781,5.859507754472562e-06
55216,0.017175389129909974
54259,0.00402140540267407
55246,0.003243237542100563
55247,0.004321972919698961
55248,0.005399536395746466
55250,0.012941794896078315
55251,0.008660018199575212
55252,0.006475927970243075
55253,0.05476823428959462
55254,0.060895971457861735
55256,0.0
55258,0.0
79836,0.0011776495224048759
55261,0.12794509440024507
55262,0.12786294410152738
55269,0.029009965585850745
55275,0.035453978170011634
55280,0.09376158849837156
55282,0.0022498719372027447
55283,0.0032479544458429137
55284,0.004299358475048782
55286,0.005366960787913681
79868,0.049254630577888876
79872,0.05048229511091345
79873,0.05118602199222559
55301,0.0036986426701408046
79884,0.07725337701422129
63504,0.025718987411209798
55319,0.00216333026295127
79896,0.08254411703713482
55321,0.01614119364375999
55322,0.02037133133549549
55325,0.017442639145259592
55326,0.017033303699378423
55327,0.01964084603543793
55328,0.0169747086218337
55329,0.0
55332,0.0028409198706185073
55333,0.0031172747180925435
55334,0.003831442612630146
55340,0.003871863056794111
55341,0.0032508441318857342
55342,0.0021685930496346453
55346,0.10039723205206055
55347,0.10029011993160988
55349,0.048307298931600136
55350,0.05662182592528875
55351,0.057037595203692455
55352,0.05523426100612814
55364,0.014579477190966566
55365,0.006308124558915214
55368,0.015534869930333333
22607,0.1297637529318667
55383,0.00216333026295127
55397,0.013990746665354136
55399,0.0223903781955973
55407,0.00216333026295127
55432,0.0010822510822510823
55442,0.06734126402591369
55443,0.05831327286455773
55444,0.0776870045756001
55452,0.0010822510822510823
55491,0.009226923530919475
55492,0.009539271183636561
55493,0.008988575113178715
55494,0.0002648012562299681
55495,0.006475927970243075
55501,0.0010906343910579716
55503,0.016113255690949246
55505,0.002033656005042242
55506,0.014388181203181217
55507,0.0029736664822111237
55508,0.0017714574351581733
55509,0.01389912386478652
55510,0.021301792765215943
55524,0.0010822510822510823
55531,0.004321972919698961
80108,1.953169251490854e-07
55552,0.006481201527222101
55560,0.07533758809862934
80139,0.0010822510822510823
55567,0.00216333026295127
80150,0.0
55579,0.1301529931952735
55580,0.0010822510822510823
55581,0.13054550208805316
55584,0.1290728710675066
55585,0.00020984850438017727
55586,0.12338382738547297
47403,0.0
55622,0.02995900992463738
55681,0.003243237542100563
55683,0.002162744312175823
22916,0.0
54337,0.03923233207121071
55692,0.05096190985637888
22928,0.0010822510822510823
55697,0.0021598145582985865
55699,0.0021598145582985865
55707,0.0012530459674476996
55730,0.003240893738998774
55741,0.00311979724540634
55742,0.1344078634513348
55750,0.0020487768863513317
55761,0.008986652404066736
55764,0.00216333026295127
22999,0.0
55794,0.0012605224203182355
55797,0.0007140256637510836
55798,0.013062484144451107
55799,0.0013953622498366874
55801,0.010085656098012126
55802,0.0037251185769052253
14843,0.028506457366683443
55804,0.0004662326612980178
55805,0.011972269014576943
55806,0.0009482748325659661
55807,0.0005289963600737831
55808,0.00010450432080101837
54778,0.007140031903295615
55815,0.012067949195724114
58455,0.03014053770771647
72216,0.009698071284427538
23071,0.020588414437559623
55841,0.0019003646232163475
55842,0.013977855748294297
55843,0.01504487211038375
55850,0.005918200490479862
55866,0.0005408325657378175
55867,0.0005408325657378175
55868,0.009318398201432458
55870,0.0031396386547597062
55880,0.0
39498,0.0
39499,0.0010822510822510823
55884,0.00542789153035498
55885,0.00216333026295127
55886,0.0
55891,2.929753877236281e-07
55892,0.03187432675603432
55894,0.10125119554337962
55899,0.0037738159692680536
23134,0.0
77585,0.00470749923240449
6767,0.008075573587214085
55924,2.60748095074029e-05
55925,1.0254138570326983e-05
6774,0.0010822510822510823
55928,0.0031869862676576263
55943,0.0
6798,0.07919592548083913
55951,3.515704652683537e-05
55961,0.006997033526540836
55962,0.0005362426179968139
55963,0.008054674676223133
55964,0.031689878130051384
24346,0.002351257232725253
55982,0.009085732050929985
55984,0.0049530212317006415
55985,0.0018284387216281135
55987,0.0010822510822510823
77971,0.0
56013,0.012909667484653949
56017,0.009551215976210167
56024,0.17177428044299703
56026,0.013484410556399888
56031,0.009698071284427538
39654,0.0030659667593727394
64238,0.003243237542100563
64239,0.0010822510822510823
56056,0.0010822510822510823
77610,0.00216333026295127
62970,0.009698071284427538
56085,0.0010822510822510823
15141,0.01611071657092231
23370,0.004321972919698962
56154,0.008625195414583611
7004,0.01611071657092231
56192,1.2207307821817835e-06
56193,2.5098224881657473e-06
23427,5.859507754472562e-07
56198,0.001950299487812056
56201,0.00016894076952859535
23439,0.022139575260466334
52609,0.008241918598786242
56243,0.0016186890171730453
56246,0.0016233766233766233
56248,0.0027009400994241275
56249,0.0005422974426764356
56257,0.00015281596223664442
56294,0.004940541621646054
56295,0.003887002127391837
56297,0.0035968081456905117
56298,0.0005665167413949222
57277,0.008959308034545864
23576,0.0
29975,0.002775820423163603
23676,0.007551147643188791
64639,0.03921063442960568
64640,0.03965937506513567
56506,0.0023385191001024587
56507,0.002552878611633068
23776,0.013118281846066985
56561,0.006001991451368816
53119,0.01098325665190852
17622,0.0
56617,0.005597359888101627
56625,0.0010822510822510823
56626,0.00216333026295127
23869,0.0834691395165907
32065,0.0
23883,0.08310131854656565
56660,0.003243237542100563
56661,0.00655676531223232
53139,0.09576489151853533
56707,0.002704455804076811
23960,0.07749046737437867
56768,0.006806936995809496
6734,0.002694396982431633
56795,0.010769775252720569
56809,0.0
16297,0.0
54532,0.005399536395746466
52631,0.047513068577413164
54537,0.011840307319462706
56888,0.0010822510822510823
24129,0.007650071480414107
53175,0.005399536395746466
53177,0.00216333026295127
24507,0.0
51814,0.0016508200464809672
56936,0.0022160235140744073
56938,0.09350406638784464
56939,0.09332845694044305
7791,0.09034059998585424
76392,1.1719015508945124e-06
76393,0.0
56958,0.0010822510822510823
56965,2.490290795650839e-06
56966,4.394630815854421e-06
56967,0.0017731918073996252
56968,0.0008658621242910253
56969,0.0017244270898845882
24202,0.1009658702570121
79127,0.0010822510822510823
57288,0.009084113457034798
68211,0.012576314916721985
23156,0.049803373479095234
24263,0.010555161015366762
57033,0.006308124558915214
16079,0.0
16087,0.005243386094573342
16092,0.008486620212286246
16096,0.0027705491913860686
16100,0.01291376914008208
16104,0.0
16109,0.0
16111,0.008210343787517027
16112,0.009258480189930965
16113,0.015689919953239168
16115,0.0
16116,0.002163916213726717
16118,0.13808336664632903
16119,0.18913348379582132
16124,0.009435928068459585
16126,0.0
16133,0.0031230533216379114
16134,0.006366579052788351
16136,0.00022792229556093765
16137,0.0
16138,0.0006899733144995732
57099,0.001100415556289947
20996,0.0010822510822510823
16148,0.07603620133966406
16154,0.0
24347,0.0
16158,0.0010822510822510823
57120,0.003243237542100563
57121,0.004321972919698961
32547,0.022872576446422106
16165,0.04105851372456187
16167,0.0
16168,0.0
20444,0.0032435305174882867
24365,0.20620938324378957
24366,0.009870697963357563
20445,0.0
16176,0.1420316628453388
16177,0.004016441443930035
57142,0.016699283394387185
16185,0.044727011494957905
16191,0.05954257437845523
16194,0.0
16212,0.015014834650220922
24405,0.0
16219,0.01917442932836863
16226,0.0
16230,0.0021698747750646587
16231,0.0
16232,0.0
16234,0.0075599369048204995
16238,0.0
54589,0.003657013657787113
16244,0.0
16361,0.006744000450010027
16252,0.002391998948190455
8065,0.0019960608482535933
16262,0.03259886033385856
16273,0.03478517965792441
79171,0.09995613502549584
16282,0.11381395565112842
16367,0.02193601533305151
16286,0.1245605844530963
16287,0.05856960677102048
19099,0.022962208063047253
53233,0.002524338530823248
57257,0.09276834053622608
57258,0.00216333026295127
16300,0.0
16308,0.09495663369733236
16309,0.00216333026295127
16310,0.003534220697187671
57275,0.0024764972353725954
16316,0.0
16317,0.0
57280,0.005890913320915654
57281,0.0124032846391497
16327,0.010363996900078574
16328,0.006284018476657997
16329,0.0
57291,0.0218290850811383
24524,0.0010822510822510823
16333,0.0
57295,0.0008135719785534632
24529,0.0010822510822510823
16339,0.05189029736743126
32724,0.0010822510822510823
16346,0.011423102926699496
16347,0.0
16348,0.0
68261,0.004310253904190016
16358,0.03642909246085959
24552,0.04640429750550401
24553,0.024383665369530558
24554,0.007551147643188791
16364,0.02428863498943148
32751,0.005504516452772303
16368,0.02217869661254924
24567,0.0
16379,0.1349277410583377
16381,0.005403638051174596
